Sexo;Edad;Estado civil;Periodo;Total
Ambos sexos;16 a 19;Total;2021/3;184.5
Ambos sexos;16 a 19;Total;2021/2;117.3
Ambos sexos;16 a 19;Total;2021/1;80.7
Ambos sexos;16 a 19;Total;2020/4;86.9
Ambos sexos;16 a 19;Total;2020/3;118.3
Ambos sexos;16 a 19;Total;2020/2;90.4
Ambos sexos;16 a 19;Total;2020/1;129.9
Ambos sexos;16 a 19;Total;2019/4;146.5
Ambos sexos;16 a 19;Total;2019/3;178.6
Ambos sexos;16 a 19;Total;2019/2;149.7
Ambos sexos;16 a 19;Total;2019/1;127
Ambos sexos;16 a 19;Total;2018/4;136.1
Ambos sexos;16 a 19;Total;2018/3;165.5
Ambos sexos;16 a 19;Total;2018/2;130.8
Ambos sexos;16 a 19;Total;2018/1;103.7
Ambos sexos;16 a 19;Total;2017/4;118.5
Ambos sexos;16 a 19;Total;2017/3;147.8
Ambos sexos;16 a 19;Total;2017/2;111
Ambos sexos;16 a 19;Total;2017/1;94.5
Ambos sexos;16 a 19;Total;2016/4;96.9
Ambos sexos;16 a 19;Total;2016/3;121.2
Ambos sexos;16 a 19;Total;2016/2;84.8
Ambos sexos;16 a 19;Total;2016/1;80.4
Ambos sexos;16 a 19;Total;2015/4;79.6
Ambos sexos;16 a 19;Total;2015/3;105.8
Ambos sexos;16 a 19;Total;2015/2;78.3
Ambos sexos;16 a 19;Total;2015/1;71.6
Ambos sexos;16 a 19;Total;2014/4;81.8
Ambos sexos;16 a 19;Total;2014/3;91.6
Ambos sexos;16 a 19;Total;2014/2;72
Ambos sexos;16 a 19;Total;2014/1;72.1
Ambos sexos;16 a 19;Total;2013/4;65.1
Ambos sexos;16 a 19;Total;2013/3;89.9
Ambos sexos;16 a 19;Total;2013/2;75.8
Ambos sexos;16 a 19;Total;2013/1;66.6
Ambos sexos;16 a 19;Total;2012/4;68.7
Ambos sexos;16 a 19;Total;2012/3;94.8
Ambos sexos;16 a 19;Total;2012/2;86.7
Ambos sexos;16 a 19;Total;2012/1;85.8
Ambos sexos;16 a 19;Total;2011/4;92.8
Ambos sexos;16 a 19;Total;2011/3;156.2
Ambos sexos;16 a 19;Total;2011/2;132.3
Ambos sexos;16 a 19;Total;2011/1;115
Ambos sexos;16 a 19;Total;2010/4;125.1
Ambos sexos;16 a 19;Total;2010/3;164
Ambos sexos;16 a 19;Total;2010/2;157.8
Ambos sexos;16 a 19;Total;2010/1;158.9
Ambos sexos;16 a 19;Total;2009/4;163.3
Ambos sexos;16 a 19;Total;2009/3;228.4
Ambos sexos;16 a 19;Total;2009/2;207.8
Ambos sexos;16 a 19;Total;2009/1;218
Ambos sexos;16 a 19;Total;2008/4;269.5
Ambos sexos;16 a 19;Total;2008/3;371.3
Ambos sexos;16 a 19;Total;2008/2;323.6
Ambos sexos;16 a 19;Total;2008/1;352.3
Ambos sexos;16 a 19;Total;2007/4;363.8
Ambos sexos;16 a 19;Total;2007/3;452.1
Ambos sexos;16 a 19;Total;2007/2;402.2
Ambos sexos;16 a 19;Total;2007/1;371.5
Ambos sexos;16 a 19;Total;2006/4;364.2
Ambos sexos;16 a 19;Total;2006/3;452.7
Ambos sexos;16 a 19;Total;2006/2;375.4
Ambos sexos;16 a 19;Total;2006/1;353.9
Ambos sexos;16 a 19;Total;2005/4;375.2
Ambos sexos;16 a 19;Total;2005/3;434.9
Ambos sexos;16 a 19;Total;2005/2;381.5
Ambos sexos;16 a 19;Total;2005/1;349.2
Ambos sexos;16 a 19;Total;2004/4;340.2
Ambos sexos;16 a 19;Total;2004/3;374
Ambos sexos;16 a 19;Total;2004/2;318.3
Ambos sexos;16 a 19;Total;2004/1;312.3
Ambos sexos;16 a 19;Total;2003/4;328.7
Ambos sexos;16 a 19;Total;2003/3;360.9
Ambos sexos;16 a 19;Total;2003/2;326.8
Ambos sexos;16 a 19;Total;2003/1;313.5
Ambos sexos;16 a 19;Total;2002/4;340
Ambos sexos;16 a 19;Total;2002/3;377.5
Ambos sexos;16 a 19;Total;2002/2;348
Ambos sexos;16 a 19;Total;2002/1;364
Ambos sexos;20 a 24;Total;2021/3;973.9
Ambos sexos;20 a 24;Total;2021/2;841.5
Ambos sexos;20 a 24;Total;2021/1;761.9
Ambos sexos;20 a 24;Total;2020/4;766.9
Ambos sexos;20 a 24;Total;2020/3;798
Ambos sexos;20 a 24;Total;2020/2;687.6
Ambos sexos;20 a 24;Total;2020/1;857.5
Ambos sexos;20 a 24;Total;2019/4;907.4
Ambos sexos;20 a 24;Total;2019/3;954
Ambos sexos;20 a 24;Total;2019/2;872.1
Ambos sexos;20 a 24;Total;2019/1;819.2
Ambos sexos;20 a 24;Total;2018/4;860.7
Ambos sexos;20 a 24;Total;2018/3;908
Ambos sexos;20 a 24;Total;2018/2;853.5
Ambos sexos;20 a 24;Total;2018/1;798.9
Ambos sexos;20 a 24;Total;2017/4;813.2
Ambos sexos;20 a 24;Total;2017/3;883
Ambos sexos;20 a 24;Total;2017/2;782
Ambos sexos;20 a 24;Total;2017/1;734.4
Ambos sexos;20 a 24;Total;2016/4;719.6
Ambos sexos;20 a 24;Total;2016/3;775.1
Ambos sexos;20 a 24;Total;2016/2;712.8
Ambos sexos;20 a 24;Total;2016/1;690.7
Ambos sexos;20 a 24;Total;2015/4;719.7
Ambos sexos;20 a 24;Total;2015/3;773.4
Ambos sexos;20 a 24;Total;2015/2;713.3
Ambos sexos;20 a 24;Total;2015/1;669
Ambos sexos;20 a 24;Total;2014/4;675.2
Ambos sexos;20 a 24;Total;2014/3;696.7
Ambos sexos;20 a 24;Total;2014/2;669.8
Ambos sexos;20 a 24;Total;2014/1;635
Ambos sexos;20 a 24;Total;2013/4;680.3
Ambos sexos;20 a 24;Total;2013/3;724.7
Ambos sexos;20 a 24;Total;2013/2;675.2
Ambos sexos;20 a 24;Total;2013/1;675.6
Ambos sexos;20 a 24;Total;2012/4;710.3
Ambos sexos;20 a 24;Total;2012/3;810.7
Ambos sexos;20 a 24;Total;2012/2;770.3
Ambos sexos;20 a 24;Total;2012/1;783.9
Ambos sexos;20 a 24;Total;2011/4;863.3
Ambos sexos;20 a 24;Total;2011/3;947.3
Ambos sexos;20 a 24;Total;2011/2;920.9
Ambos sexos;20 a 24;Total;2011/1;939
Ambos sexos;20 a 24;Total;2010/4;1009.7
Ambos sexos;20 a 24;Total;2010/3;1104.5
Ambos sexos;20 a 24;Total;2010/2;1057.3
Ambos sexos;20 a 24;Total;2010/1;1064.6
Ambos sexos;20 a 24;Total;2009/4;1129.6
Ambos sexos;20 a 24;Total;2009/3;1191.7
Ambos sexos;20 a 24;Total;2009/2;1192.7
Ambos sexos;20 a 24;Total;2009/1;1257.2
Ambos sexos;20 a 24;Total;2008/4;1416.8
Ambos sexos;20 a 24;Total;2008/3;1564.9
Ambos sexos;20 a 24;Total;2008/2;1529.5
Ambos sexos;20 a 24;Total;2008/1;1519.4
Ambos sexos;20 a 24;Total;2007/4;1594.4
Ambos sexos;20 a 24;Total;2007/3;1670.4
Ambos sexos;20 a 24;Total;2007/2;1607.8
Ambos sexos;20 a 24;Total;2007/1;1592.9
Ambos sexos;20 a 24;Total;2006/4;1646.4
Ambos sexos;20 a 24;Total;2006/3;1685.5
Ambos sexos;20 a 24;Total;2006/2;1660.3
Ambos sexos;20 a 24;Total;2006/1;1628.4
Ambos sexos;20 a 24;Total;2005/4;1638.9
Ambos sexos;20 a 24;Total;2005/3;1710.6
Ambos sexos;20 a 24;Total;2005/2;1633.2
Ambos sexos;20 a 24;Total;2005/1;1584.2
Ambos sexos;20 a 24;Total;2004/4;1539.4
Ambos sexos;20 a 24;Total;2004/3;1586.1
Ambos sexos;20 a 24;Total;2004/2;1547.3
Ambos sexos;20 a 24;Total;2004/1;1538.2
Ambos sexos;20 a 24;Total;2003/4;1542.8
Ambos sexos;20 a 24;Total;2003/3;1612.6
Ambos sexos;20 a 24;Total;2003/2;1572.7
Ambos sexos;20 a 24;Total;2003/1;1539.1
Ambos sexos;20 a 24;Total;2002/4;1543.1
Ambos sexos;20 a 24;Total;2002/3;1600.8
Ambos sexos;20 a 24;Total;2002/2;1573.4
Ambos sexos;20 a 24;Total;2002/1;1545.1
Ambos sexos;25 a 29;Total;2021/3;1683.7
Ambos sexos;25 a 29;Total;2021/2;1659.4
Ambos sexos;25 a 29;Total;2021/1;1586.4
Ambos sexos;25 a 29;Total;2020/4;1629.6
Ambos sexos;25 a 29;Total;2020/3;1563.8
Ambos sexos;25 a 29;Total;2020/2;1501.9
Ambos sexos;25 a 29;Total;2020/1;1682.9
Ambos sexos;25 a 29;Total;2019/4;1718.3
Ambos sexos;25 a 29;Total;2019/3;1712.8
Ambos sexos;25 a 29;Total;2019/2;1700
Ambos sexos;25 a 29;Total;2019/1;1675.8
Ambos sexos;25 a 29;Total;2018/4;1695.3
Ambos sexos;25 a 29;Total;2018/3;1695
Ambos sexos;25 a 29;Total;2018/2;1672.4
Ambos sexos;25 a 29;Total;2018/1;1629.3
Ambos sexos;25 a 29;Total;2017/4;1645.5
Ambos sexos;25 a 29;Total;2017/3;1641.3
Ambos sexos;25 a 29;Total;2017/2;1635.8
Ambos sexos;25 a 29;Total;2017/1;1581.6
Ambos sexos;25 a 29;Total;2016/4;1612.5
Ambos sexos;25 a 29;Total;2016/3;1636.6
Ambos sexos;25 a 29;Total;2016/2;1584.9
Ambos sexos;25 a 29;Total;2016/1;1536.2
Ambos sexos;25 a 29;Total;2015/4;1574.4
Ambos sexos;25 a 29;Total;2015/3;1584.4
Ambos sexos;25 a 29;Total;2015/2;1583
Ambos sexos;25 a 29;Total;2015/1;1568.8
Ambos sexos;25 a 29;Total;2014/4;1609
Ambos sexos;25 a 29;Total;2014/3;1649.2
Ambos sexos;25 a 29;Total;2014/2;1632.5
Ambos sexos;25 a 29;Total;2014/1;1576.5
Ambos sexos;25 a 29;Total;2013/4;1613.9
Ambos sexos;25 a 29;Total;2013/3;1662.5
Ambos sexos;25 a 29;Total;2013/2;1618
Ambos sexos;25 a 29;Total;2013/1;1617.7
Ambos sexos;25 a 29;Total;2012/4;1683.1
Ambos sexos;25 a 29;Total;2012/3;1757.8
Ambos sexos;25 a 29;Total;2012/2;1814.4
Ambos sexos;25 a 29;Total;2012/1;1829.6
Ambos sexos;25 a 29;Total;2011/4;1939
Ambos sexos;25 a 29;Total;2011/3;2002.8
Ambos sexos;25 a 29;Total;2011/2;2040.7
Ambos sexos;25 a 29;Total;2011/1;2012.4
Ambos sexos;25 a 29;Total;2010/4;2096.2
Ambos sexos;25 a 29;Total;2010/3;2156.7
Ambos sexos;25 a 29;Total;2010/2;2187.4
Ambos sexos;25 a 29;Total;2010/1;2203.7
Ambos sexos;25 a 29;Total;2009/4;2273.6
Ambos sexos;25 a 29;Total;2009/3;2323
Ambos sexos;25 a 29;Total;2009/2;2392
Ambos sexos;25 a 29;Total;2009/1;2437.9
Ambos sexos;25 a 29;Total;2008/4;2590
Ambos sexos;25 a 29;Total;2008/3;2686.1
Ambos sexos;25 a 29;Total;2008/2;2774.9
Ambos sexos;25 a 29;Total;2008/1;2808.5
Ambos sexos;25 a 29;Total;2007/4;2862
Ambos sexos;25 a 29;Total;2007/3;2905.1
Ambos sexos;25 a 29;Total;2007/2;2925.3
Ambos sexos;25 a 29;Total;2007/1;2888
Ambos sexos;25 a 29;Total;2006/4;2894.5
Ambos sexos;25 a 29;Total;2006/3;2903.9
Ambos sexos;25 a 29;Total;2006/2;2877.9
Ambos sexos;25 a 29;Total;2006/1;2839
Ambos sexos;25 a 29;Total;2005/4;2865.1
Ambos sexos;25 a 29;Total;2005/3;2867.8
Ambos sexos;25 a 29;Total;2005/2;2830.2
Ambos sexos;25 a 29;Total;2005/1;2833.1
Ambos sexos;25 a 29;Total;2004/4;2819.7
Ambos sexos;25 a 29;Total;2004/3;2784.3
Ambos sexos;25 a 29;Total;2004/2;2752.3
Ambos sexos;25 a 29;Total;2004/1;2706.2
Ambos sexos;25 a 29;Total;2003/4;2719.8
Ambos sexos;25 a 29;Total;2003/3;2706
Ambos sexos;25 a 29;Total;2003/2;2664.2
Ambos sexos;25 a 29;Total;2003/1;2603.5
Ambos sexos;25 a 29;Total;2002/4;2578.6
Ambos sexos;25 a 29;Total;2002/3;2579.5
Ambos sexos;25 a 29;Total;2002/2;2546.1
Ambos sexos;25 a 29;Total;2002/1;2508.6
Ambos sexos;30 a 34;Total;2021/3;2031.9
Ambos sexos;30 a 34;Total;2021/2;2021
Ambos sexos;30 a 34;Total;2021/1;1982.5
Ambos sexos;30 a 34;Total;2020/4;1997.4
Ambos sexos;30 a 34;Total;2020/3;1967.2
Ambos sexos;30 a 34;Total;2020/2;1897.8
Ambos sexos;30 a 34;Total;2020/1;2055.5
Ambos sexos;30 a 34;Total;2019/4;2103.3
Ambos sexos;30 a 34;Total;2019/3;2103.8
Ambos sexos;30 a 34;Total;2019/2;2146.8
Ambos sexos;30 a 34;Total;2019/1;2122.3
Ambos sexos;30 a 34;Total;2018/4;2118.4
Ambos sexos;30 a 34;Total;2018/3;2120.6
Ambos sexos;30 a 34;Total;2018/2;2139.5
Ambos sexos;30 a 34;Total;2018/1;2077.1
Ambos sexos;30 a 34;Total;2017/4;2112.4
Ambos sexos;30 a 34;Total;2017/3;2129.9
Ambos sexos;30 a 34;Total;2017/2;2142.3
Ambos sexos;30 a 34;Total;2017/1;2142.9
Ambos sexos;30 a 34;Total;2016/4;2154.2
Ambos sexos;30 a 34;Total;2016/3;2189.7
Ambos sexos;30 a 34;Total;2016/2;2186
Ambos sexos;30 a 34;Total;2016/1;2205.4
Ambos sexos;30 a 34;Total;2015/4;2231.3
Ambos sexos;30 a 34;Total;2015/3;2276.1
Ambos sexos;30 a 34;Total;2015/2;2291.2
Ambos sexos;30 a 34;Total;2015/1;2249.2
Ambos sexos;30 a 34;Total;2014/4;2292.9
Ambos sexos;30 a 34;Total;2014/3;2310.9
Ambos sexos;30 a 34;Total;2014/2;2330.7
Ambos sexos;30 a 34;Total;2014/1;2304
Ambos sexos;30 a 34;Total;2013/4;2335.7
Ambos sexos;30 a 34;Total;2013/3;2370.2
Ambos sexos;30 a 34;Total;2013/2;2426
Ambos sexos;30 a 34;Total;2013/1;2420.2
Ambos sexos;30 a 34;Total;2012/4;2468.3
Ambos sexos;30 a 34;Total;2012/3;2540.8
Ambos sexos;30 a 34;Total;2012/2;2606.1
Ambos sexos;30 a 34;Total;2012/1;2624.8
Ambos sexos;30 a 34;Total;2011/4;2703.5
Ambos sexos;30 a 34;Total;2011/3;2773.5
Ambos sexos;30 a 34;Total;2011/2;2825.1
Ambos sexos;30 a 34;Total;2011/1;2820.8
Ambos sexos;30 a 34;Total;2010/4;2895.9
Ambos sexos;30 a 34;Total;2010/3;2928.2
Ambos sexos;30 a 34;Total;2010/2;2936.2
Ambos sexos;30 a 34;Total;2010/1;2927.4
Ambos sexos;30 a 34;Total;2009/4;2980.4
Ambos sexos;30 a 34;Total;2009/3;3009.9
Ambos sexos;30 a 34;Total;2009/2;3028.5
Ambos sexos;30 a 34;Total;2009/1;3070
Ambos sexos;30 a 34;Total;2008/4;3186.1
Ambos sexos;30 a 34;Total;2008/3;3265.5
Ambos sexos;30 a 34;Total;2008/2;3297.9
Ambos sexos;30 a 34;Total;2008/1;3310
Ambos sexos;30 a 34;Total;2007/4;3310.6
Ambos sexos;30 a 34;Total;2007/3;3272.3
Ambos sexos;30 a 34;Total;2007/2;3245.5
Ambos sexos;30 a 34;Total;2007/1;3195.1
Ambos sexos;30 a 34;Total;2006/4;3196.7
Ambos sexos;30 a 34;Total;2006/3;3120.4
Ambos sexos;30 a 34;Total;2006/2;3084.7
Ambos sexos;30 a 34;Total;2006/1;3068.4
Ambos sexos;30 a 34;Total;2005/4;3039.5
Ambos sexos;30 a 34;Total;2005/3;3019.3
Ambos sexos;30 a 34;Total;2005/2;3002.5
Ambos sexos;30 a 34;Total;2005/1;2909.9
Ambos sexos;30 a 34;Total;2004/4;2891.6
Ambos sexos;30 a 34;Total;2004/3;2839.7
Ambos sexos;30 a 34;Total;2004/2;2794.6
Ambos sexos;30 a 34;Total;2004/1;2742.2
Ambos sexos;30 a 34;Total;2003/4;2747.3
Ambos sexos;30 a 34;Total;2003/3;2686.7
Ambos sexos;30 a 34;Total;2003/2;2677.7
Ambos sexos;30 a 34;Total;2003/1;2629.6
Ambos sexos;30 a 34;Total;2002/4;2621.2
Ambos sexos;30 a 34;Total;2002/3;2585.4
Ambos sexos;30 a 34;Total;2002/2;2580.8
Ambos sexos;30 a 34;Total;2002/1;2522.8
Ambos sexos;35 a 39;Total;2021/3;2428.7
Ambos sexos;35 a 39;Total;2021/2;2396.1
Ambos sexos;35 a 39;Total;2021/1;2376.9
Ambos sexos;35 a 39;Total;2020/4;2412.9
Ambos sexos;35 a 39;Total;2020/3;2437.6
Ambos sexos;35 a 39;Total;2020/2;2371.5
Ambos sexos;35 a 39;Total;2020/1;2556.8
Ambos sexos;35 a 39;Total;2019/4;2630.4
Ambos sexos;35 a 39;Total;2019/3;2657.4
Ambos sexos;35 a 39;Total;2019/2;2683.4
Ambos sexos;35 a 39;Total;2019/1;2685.6
Ambos sexos;35 a 39;Total;2018/4;2706.6
Ambos sexos;35 a 39;Total;2018/3;2707
Ambos sexos;35 a 39;Total;2018/2;2751.8
Ambos sexos;35 a 39;Total;2018/1;2716.2
Ambos sexos;35 a 39;Total;2017/4;2774.3
Ambos sexos;35 a 39;Total;2017/3;2815.1
Ambos sexos;35 a 39;Total;2017/2;2814.4
Ambos sexos;35 a 39;Total;2017/1;2801.1
Ambos sexos;35 a 39;Total;2016/4;2837.2
Ambos sexos;35 a 39;Total;2016/3;2851.8
Ambos sexos;35 a 39;Total;2016/2;2880.6
Ambos sexos;35 a 39;Total;2016/1;2842.7
Ambos sexos;35 a 39;Total;2015/4;2883.3
Ambos sexos;35 a 39;Total;2015/3;2895.2
Ambos sexos;35 a 39;Total;2015/2;2856
Ambos sexos;35 a 39;Total;2015/1;2815.6
Ambos sexos;35 a 39;Total;2014/4;2855.6
Ambos sexos;35 a 39;Total;2014/3;2840.7
Ambos sexos;35 a 39;Total;2014/2;2867.4
Ambos sexos;35 a 39;Total;2014/1;2788.4
Ambos sexos;35 a 39;Total;2013/4;2820.6
Ambos sexos;35 a 39;Total;2013/3;2815.7
Ambos sexos;35 a 39;Total;2013/2;2821.9
Ambos sexos;35 a 39;Total;2013/1;2814.6
Ambos sexos;35 a 39;Total;2012/4;2848.1
Ambos sexos;35 a 39;Total;2012/3;2878.4
Ambos sexos;35 a 39;Total;2012/2;2882.9
Ambos sexos;35 a 39;Total;2012/1;2871.8
Ambos sexos;35 a 39;Total;2011/4;2909.4
Ambos sexos;35 a 39;Total;2011/3;2934.5
Ambos sexos;35 a 39;Total;2011/2;2977.6
Ambos sexos;35 a 39;Total;2011/1;2939.8
Ambos sexos;35 a 39;Total;2010/4;2940.7
Ambos sexos;35 a 39;Total;2010/3;2899.6
Ambos sexos;35 a 39;Total;2010/2;2909
Ambos sexos;35 a 39;Total;2010/1;2857.2
Ambos sexos;35 a 39;Total;2009/4;2865.5
Ambos sexos;35 a 39;Total;2009/3;2896.7
Ambos sexos;35 a 39;Total;2009/2;2907.7
Ambos sexos;35 a 39;Total;2009/1;2874.8
Ambos sexos;35 a 39;Total;2008/4;2981.5
Ambos sexos;35 a 39;Total;2008/3;3015.7
Ambos sexos;35 a 39;Total;2008/2;3034.4
Ambos sexos;35 a 39;Total;2008/1;3045.2
Ambos sexos;35 a 39;Total;2007/4;3057.7
Ambos sexos;35 a 39;Total;2007/3;2999.4
Ambos sexos;35 a 39;Total;2007/2;3000.5
Ambos sexos;35 a 39;Total;2007/1;2947.5
Ambos sexos;35 a 39;Total;2006/4;2941.5
Ambos sexos;35 a 39;Total;2006/3;2904.7
Ambos sexos;35 a 39;Total;2006/2;2915.5
Ambos sexos;35 a 39;Total;2006/1;2865.9
Ambos sexos;35 a 39;Total;2005/4;2830.2
Ambos sexos;35 a 39;Total;2005/3;2787.7
Ambos sexos;35 a 39;Total;2005/2;2759.9
Ambos sexos;35 a 39;Total;2005/1;2714
Ambos sexos;35 a 39;Total;2004/4;2688.1
Ambos sexos;35 a 39;Total;2004/3;2651.1
Ambos sexos;35 a 39;Total;2004/2;2647.3
Ambos sexos;35 a 39;Total;2004/1;2591
Ambos sexos;35 a 39;Total;2003/4;2588.9
Ambos sexos;35 a 39;Total;2003/3;2570.2
Ambos sexos;35 a 39;Total;2003/2;2550.9
Ambos sexos;35 a 39;Total;2003/1;2505.8
Ambos sexos;35 a 39;Total;2002/4;2488.6
Ambos sexos;35 a 39;Total;2002/3;2462.1
Ambos sexos;35 a 39;Total;2002/2;2449.4
Ambos sexos;35 a 39;Total;2002/1;2388.9
Ambos sexos;40 a 44;Total;2021/3;3034.7
Ambos sexos;40 a 44;Total;2021/2;3057.4
Ambos sexos;40 a 44;Total;2021/1;2984.8
Ambos sexos;40 a 44;Total;2020/4;3022.5
Ambos sexos;40 a 44;Total;2020/3;3008.1
Ambos sexos;40 a 44;Total;2020/2;2950
Ambos sexos;40 a 44;Total;2020/1;3099.3
Ambos sexos;40 a 44;Total;2019/4;3164.7
Ambos sexos;40 a 44;Total;2019/3;3114
Ambos sexos;40 a 44;Total;2019/2;3137.5
Ambos sexos;40 a 44;Total;2019/1;3106.7
Ambos sexos;40 a 44;Total;2018/4;3155.1
Ambos sexos;40 a 44;Total;2018/3;3143
Ambos sexos;40 a 44;Total;2018/2;3127.1
Ambos sexos;40 a 44;Total;2018/1;3083.5
Ambos sexos;40 a 44;Total;2017/4;3076.6
Ambos sexos;40 a 44;Total;2017/3;3053.6
Ambos sexos;40 a 44;Total;2017/2;3051.7
Ambos sexos;40 a 44;Total;2017/1;2977.7
Ambos sexos;40 a 44;Total;2016/4;2997.1
Ambos sexos;40 a 44;Total;2016/3;2954.7
Ambos sexos;40 a 44;Total;2016/2;2913.4
Ambos sexos;40 a 44;Total;2016/1;2889.3
Ambos sexos;40 a 44;Total;2015/4;2868.6
Ambos sexos;40 a 44;Total;2015/3;2841.4
Ambos sexos;40 a 44;Total;2015/2;2838.3
Ambos sexos;40 a 44;Total;2015/1;2749
Ambos sexos;40 a 44;Total;2014/4;2737.2
Ambos sexos;40 a 44;Total;2014/3;2730.5
Ambos sexos;40 a 44;Total;2014/2;2676.5
Ambos sexos;40 a 44;Total;2014/1;2623.9
Ambos sexos;40 a 44;Total;2013/4;2656.6
Ambos sexos;40 a 44;Total;2013/3;2621.8
Ambos sexos;40 a 44;Total;2013/2;2621.8
Ambos sexos;40 a 44;Total;2013/1;2575.3
Ambos sexos;40 a 44;Total;2012/4;2603.3
Ambos sexos;40 a 44;Total;2012/3;2623.8
Ambos sexos;40 a 44;Total;2012/2;2629.8
Ambos sexos;40 a 44;Total;2012/1;2644.9
Ambos sexos;40 a 44;Total;2011/4;2654.4
Ambos sexos;40 a 44;Total;2011/3;2689.7
Ambos sexos;40 a 44;Total;2011/2;2698.8
Ambos sexos;40 a 44;Total;2011/1;2693.5
Ambos sexos;40 a 44;Total;2010/4;2705.1
Ambos sexos;40 a 44;Total;2010/3;2675.2
Ambos sexos;40 a 44;Total;2010/2;2691.3
Ambos sexos;40 a 44;Total;2010/1;2700.3
Ambos sexos;40 a 44;Total;2009/4;2719.4
Ambos sexos;40 a 44;Total;2009/3;2721.6
Ambos sexos;40 a 44;Total;2009/2;2698.4
Ambos sexos;40 a 44;Total;2009/1;2727.8
Ambos sexos;40 a 44;Total;2008/4;2784.1
Ambos sexos;40 a 44;Total;2008/3;2808.7
Ambos sexos;40 a 44;Total;2008/2;2835.9
Ambos sexos;40 a 44;Total;2008/1;2824.2
Ambos sexos;40 a 44;Total;2007/4;2817.5
Ambos sexos;40 a 44;Total;2007/3;2803.9
Ambos sexos;40 a 44;Total;2007/2;2809.4
Ambos sexos;40 a 44;Total;2007/1;2770.6
Ambos sexos;40 a 44;Total;2006/4;2718.4
Ambos sexos;40 a 44;Total;2006/3;2677.7
Ambos sexos;40 a 44;Total;2006/2;2650
Ambos sexos;40 a 44;Total;2006/1;2617.1
Ambos sexos;40 a 44;Total;2005/4;2608.3
Ambos sexos;40 a 44;Total;2005/3;2575
Ambos sexos;40 a 44;Total;2005/2;2577.2
Ambos sexos;40 a 44;Total;2005/1;2499.1
Ambos sexos;40 a 44;Total;2004/4;2487.4
Ambos sexos;40 a 44;Total;2004/3;2446.9
Ambos sexos;40 a 44;Total;2004/2;2398.5
Ambos sexos;40 a 44;Total;2004/1;2388.5
Ambos sexos;40 a 44;Total;2003/4;2381.8
Ambos sexos;40 a 44;Total;2003/3;2351
Ambos sexos;40 a 44;Total;2003/2;2327.1
Ambos sexos;40 a 44;Total;2003/1;2282.9
Ambos sexos;40 a 44;Total;2002/4;2268
Ambos sexos;40 a 44;Total;2002/3;2227.2
Ambos sexos;40 a 44;Total;2002/2;2221.3
Ambos sexos;40 a 44;Total;2002/1;2183.6
Ambos sexos;45 a 49;Total;2021/3;3058.5
Ambos sexos;45 a 49;Total;2021/2;3023.6
Ambos sexos;45 a 49;Total;2021/1;2980.9
Ambos sexos;45 a 49;Total;2020/4;2978.2
Ambos sexos;45 a 49;Total;2020/3;2920.9
Ambos sexos;45 a 49;Total;2020/2;2879.6
Ambos sexos;45 a 49;Total;2020/1;2947.7
Ambos sexos;45 a 49;Total;2019/4;2969.1
Ambos sexos;45 a 49;Total;2019/3;2956.7
Ambos sexos;45 a 49;Total;2019/2;2966.8
Ambos sexos;45 a 49;Total;2019/1;2902.5
Ambos sexos;45 a 49;Total;2018/4;2898.9
Ambos sexos;45 a 49;Total;2018/3;2862.7
Ambos sexos;45 a 49;Total;2018/2;2836
Ambos sexos;45 a 49;Total;2018/1;2793
Ambos sexos;45 a 49;Total;2017/4;2774.3
Ambos sexos;45 a 49;Total;2017/3;2756.4
Ambos sexos;45 a 49;Total;2017/2;2723
Ambos sexos;45 a 49;Total;2017/1;2670
Ambos sexos;45 a 49;Total;2016/4;2699.2
Ambos sexos;45 a 49;Total;2016/3;2667.1
Ambos sexos;45 a 49;Total;2016/2;2682.6
Ambos sexos;45 a 49;Total;2016/1;2600.1
Ambos sexos;45 a 49;Total;2015/4;2590.1
Ambos sexos;45 a 49;Total;2015/3;2558.5
Ambos sexos;45 a 49;Total;2015/2;2532.6
Ambos sexos;45 a 49;Total;2015/1;2469.8
Ambos sexos;45 a 49;Total;2014/4;2500.4
Ambos sexos;45 a 49;Total;2014/3;2478.3
Ambos sexos;45 a 49;Total;2014/2;2462
Ambos sexos;45 a 49;Total;2014/1;2399.9
Ambos sexos;45 a 49;Total;2013/4;2426.3
Ambos sexos;45 a 49;Total;2013/3;2415.2
Ambos sexos;45 a 49;Total;2013/2;2411.9
Ambos sexos;45 a 49;Total;2013/1;2395.6
Ambos sexos;45 a 49;Total;2012/4;2447.2
Ambos sexos;45 a 49;Total;2012/3;2427.1
Ambos sexos;45 a 49;Total;2012/2;2436.3
Ambos sexos;45 a 49;Total;2012/1;2439.2
Ambos sexos;45 a 49;Total;2011/4;2460.2
Ambos sexos;45 a 49;Total;2011/3;2454
Ambos sexos;45 a 49;Total;2011/2;2485.4
Ambos sexos;45 a 49;Total;2011/1;2444.7
Ambos sexos;45 a 49;Total;2010/4;2472.4
Ambos sexos;45 a 49;Total;2010/3;2478.5
Ambos sexos;45 a 49;Total;2010/2;2457.3
Ambos sexos;45 a 49;Total;2010/1;2426.4
Ambos sexos;45 a 49;Total;2009/4;2440.5
Ambos sexos;45 a 49;Total;2009/3;2445.6
Ambos sexos;45 a 49;Total;2009/2;2434
Ambos sexos;45 a 49;Total;2009/1;2412.4
Ambos sexos;45 a 49;Total;2008/4;2465.2
Ambos sexos;45 a 49;Total;2008/3;2491.9
Ambos sexos;45 a 49;Total;2008/2;2494
Ambos sexos;45 a 49;Total;2008/1;2470.3
Ambos sexos;45 a 49;Total;2007/4;2450.5
Ambos sexos;45 a 49;Total;2007/3;2436.7
Ambos sexos;45 a 49;Total;2007/2;2438.8
Ambos sexos;45 a 49;Total;2007/1;2420.7
Ambos sexos;45 a 49;Total;2006/4;2388.4
Ambos sexos;45 a 49;Total;2006/3;2362.4
Ambos sexos;45 a 49;Total;2006/2;2347.8
Ambos sexos;45 a 49;Total;2006/1;2285.7
Ambos sexos;45 a 49;Total;2005/4;2264.4
Ambos sexos;45 a 49;Total;2005/3;2211.1
Ambos sexos;45 a 49;Total;2005/2;2192.8
Ambos sexos;45 a 49;Total;2005/1;2111.4
Ambos sexos;45 a 49;Total;2004/4;2105.4
Ambos sexos;45 a 49;Total;2004/3;2051.8
Ambos sexos;45 a 49;Total;2004/2;2027.1
Ambos sexos;45 a 49;Total;2004/1;2006.5
Ambos sexos;45 a 49;Total;2003/4;1978.6
Ambos sexos;45 a 49;Total;2003/3;1957.6
Ambos sexos;45 a 49;Total;2003/2;1924.4
Ambos sexos;45 a 49;Total;2003/1;1894.8
Ambos sexos;45 a 49;Total;2002/4;1869.9
Ambos sexos;45 a 49;Total;2002/3;1858.1
Ambos sexos;45 a 49;Total;2002/2;1838.8
Ambos sexos;45 a 49;Total;2002/1;1798.5
Ambos sexos;50 a 54;Total;2021/3;2737.8
Ambos sexos;50 a 54;Total;2021/2;2693.8
Ambos sexos;50 a 54;Total;2021/1;2653.3
Ambos sexos;50 a 54;Total;2020/4;2659.3
Ambos sexos;50 a 54;Total;2020/3;2636.5
Ambos sexos;50 a 54;Total;2020/2;2604
Ambos sexos;50 a 54;Total;2020/1;2653.8
Ambos sexos;50 a 54;Total;2019/4;2702.7
Ambos sexos;50 a 54;Total;2019/3;2661.2
Ambos sexos;50 a 54;Total;2019/2;2629.8
Ambos sexos;50 a 54;Total;2019/1;2605.3
Ambos sexos;50 a 54;Total;2018/4;2596.3
Ambos sexos;50 a 54;Total;2018/3;2572.4
Ambos sexos;50 a 54;Total;2018/2;2549.2
Ambos sexos;50 a 54;Total;2018/1;2482.6
Ambos sexos;50 a 54;Total;2017/4;2508.3
Ambos sexos;50 a 54;Total;2017/3;2473.4
Ambos sexos;50 a 54;Total;2017/2;2444.3
Ambos sexos;50 a 54;Total;2017/1;2397
Ambos sexos;50 a 54;Total;2016/4;2390.9
Ambos sexos;50 a 54;Total;2016/3;2345.6
Ambos sexos;50 a 54;Total;2016/2;2328.3
Ambos sexos;50 a 54;Total;2016/1;2298
Ambos sexos;50 a 54;Total;2015/4;2300.1
Ambos sexos;50 a 54;Total;2015/3;2258.7
Ambos sexos;50 a 54;Total;2015/2;2257.1
Ambos sexos;50 a 54;Total;2015/1;2207.8
Ambos sexos;50 a 54;Total;2014/4;2211.1
Ambos sexos;50 a 54;Total;2014/3;2148.6
Ambos sexos;50 a 54;Total;2014/2;2138.3
Ambos sexos;50 a 54;Total;2014/1;2103.1
Ambos sexos;50 a 54;Total;2013/4;2079.2
Ambos sexos;50 a 54;Total;2013/3;2075.4
Ambos sexos;50 a 54;Total;2013/2;2083.6
Ambos sexos;50 a 54;Total;2013/1;2074.6
Ambos sexos;50 a 54;Total;2012/4;2072.4
Ambos sexos;50 a 54;Total;2012/3;2062.9
Ambos sexos;50 a 54;Total;2012/2;2071
Ambos sexos;50 a 54;Total;2012/1;2077.4
Ambos sexos;50 a 54;Total;2011/4;2090.4
Ambos sexos;50 a 54;Total;2011/3;2091.7
Ambos sexos;50 a 54;Total;2011/2;2104
Ambos sexos;50 a 54;Total;2011/1;2073.2
Ambos sexos;50 a 54;Total;2010/4;2062.2
Ambos sexos;50 a 54;Total;2010/3;2061.6
Ambos sexos;50 a 54;Total;2010/2;2025.4
Ambos sexos;50 a 54;Total;2010/1;2000.7
Ambos sexos;50 a 54;Total;2009/4;1993.5
Ambos sexos;50 a 54;Total;2009/3;1967.5
Ambos sexos;50 a 54;Total;2009/2;1945.4
Ambos sexos;50 a 54;Total;2009/1;1936.4
Ambos sexos;50 a 54;Total;2008/4;1968.3
Ambos sexos;50 a 54;Total;2008/3;1960.4
Ambos sexos;50 a 54;Total;2008/2;1963
Ambos sexos;50 a 54;Total;2008/1;1939.8
Ambos sexos;50 a 54;Total;2007/4;1936.2
Ambos sexos;50 a 54;Total;2007/3;1926.8
Ambos sexos;50 a 54;Total;2007/2;1883.5
Ambos sexos;50 a 54;Total;2007/1;1849.9
Ambos sexos;50 a 54;Total;2006/4;1824.2
Ambos sexos;50 a 54;Total;2006/3;1791.8
Ambos sexos;50 a 54;Total;2006/2;1774.9
Ambos sexos;50 a 54;Total;2006/1;1744.1
Ambos sexos;50 a 54;Total;2005/4;1729
Ambos sexos;50 a 54;Total;2005/3;1712.2
Ambos sexos;50 a 54;Total;2005/2;1691.8
Ambos sexos;50 a 54;Total;2005/1;1670.9
Ambos sexos;50 a 54;Total;2004/4;1634.2
Ambos sexos;50 a 54;Total;2004/3;1609.7
Ambos sexos;50 a 54;Total;2004/2;1609.5
Ambos sexos;50 a 54;Total;2004/1;1579.2
Ambos sexos;50 a 54;Total;2003/4;1563.9
Ambos sexos;50 a 54;Total;2003/3;1556.2
Ambos sexos;50 a 54;Total;2003/2;1542.5
Ambos sexos;50 a 54;Total;2003/1;1525.6
Ambos sexos;50 a 54;Total;2002/4;1513.8
Ambos sexos;50 a 54;Total;2002/3;1490.7
Ambos sexos;50 a 54;Total;2002/2;1473.2
Ambos sexos;50 a 54;Total;2002/1;1460.9
Ambos sexos;55 a 59;Total;2021/3;2239.2
Ambos sexos;55 a 59;Total;2021/2;2224.3
Ambos sexos;55 a 59;Total;2021/1;2214.8
Ambos sexos;55 a 59;Total;2020/4;2221.6
Ambos sexos;55 a 59;Total;2020/3;2195.3
Ambos sexos;55 a 59;Total;2020/2;2151.6
Ambos sexos;55 a 59;Total;2020/1;2206.3
Ambos sexos;55 a 59;Total;2019/4;2178.8
Ambos sexos;55 a 59;Total;2019/3;2136.3
Ambos sexos;55 a 59;Total;2019/2;2145.4
Ambos sexos;55 a 59;Total;2019/1;2102.5
Ambos sexos;55 a 59;Total;2018/4;2087
Ambos sexos;55 a 59;Total;2018/3;2064.1
Ambos sexos;55 a 59;Total;2018/2;2021.8
Ambos sexos;55 a 59;Total;2018/1;1984.7
Ambos sexos;55 a 59;Total;2017/4;1959.8
Ambos sexos;55 a 59;Total;2017/3;1933.4
Ambos sexos;55 a 59;Total;2017/2;1917.1
Ambos sexos;55 a 59;Total;2017/1;1896.6
Ambos sexos;55 a 59;Total;2016/4;1881.3
Ambos sexos;55 a 59;Total;2016/3;1869.4
Ambos sexos;55 a 59;Total;2016/2;1806.8
Ambos sexos;55 a 59;Total;2016/1;1796
Ambos sexos;55 a 59;Total;2015/4;1756.1
Ambos sexos;55 a 59;Total;2015/3;1705.3
Ambos sexos;55 a 59;Total;2015/2;1692.6
Ambos sexos;55 a 59;Total;2015/1;1667.1
Ambos sexos;55 a 59;Total;2014/4;1620.9
Ambos sexos;55 a 59;Total;2014/3;1582
Ambos sexos;55 a 59;Total;2014/2;1557
Ambos sexos;55 a 59;Total;2014/1;1537.1
Ambos sexos;55 a 59;Total;2013/4;1552.1
Ambos sexos;55 a 59;Total;2013/3;1551.4
Ambos sexos;55 a 59;Total;2013/2;1526.1
Ambos sexos;55 a 59;Total;2013/1;1504.9
Ambos sexos;55 a 59;Total;2012/4;1509.9
Ambos sexos;55 a 59;Total;2012/3;1520
Ambos sexos;55 a 59;Total;2012/2;1508
Ambos sexos;55 a 59;Total;2012/1;1479.3
Ambos sexos;55 a 59;Total;2011/4;1479.6
Ambos sexos;55 a 59;Total;2011/3;1483.3
Ambos sexos;55 a 59;Total;2011/2;1490.9
Ambos sexos;55 a 59;Total;2011/1;1448.3
Ambos sexos;55 a 59;Total;2010/4;1437.7
Ambos sexos;55 a 59;Total;2010/3;1421.4
Ambos sexos;55 a 59;Total;2010/2;1402.1
Ambos sexos;55 a 59;Total;2010/1;1385.5
Ambos sexos;55 a 59;Total;2009/4;1398.3
Ambos sexos;55 a 59;Total;2009/3;1392.2
Ambos sexos;55 a 59;Total;2009/2;1400.2
Ambos sexos;55 a 59;Total;2009/1;1406.2
Ambos sexos;55 a 59;Total;2008/4;1429.6
Ambos sexos;55 a 59;Total;2008/3;1429.7
Ambos sexos;55 a 59;Total;2008/2;1439.3
Ambos sexos;55 a 59;Total;2008/1;1423
Ambos sexos;55 a 59;Total;2007/4;1406.7
Ambos sexos;55 a 59;Total;2007/3;1384.8
Ambos sexos;55 a 59;Total;2007/2;1381.2
Ambos sexos;55 a 59;Total;2007/1;1359.6
Ambos sexos;55 a 59;Total;2006/4;1359
Ambos sexos;55 a 59;Total;2006/3;1324.9
Ambos sexos;55 a 59;Total;2006/2;1325.9
Ambos sexos;55 a 59;Total;2006/1;1311.5
Ambos sexos;55 a 59;Total;2005/4;1314.4
Ambos sexos;55 a 59;Total;2005/3;1274.9
Ambos sexos;55 a 59;Total;2005/2;1283.6
Ambos sexos;55 a 59;Total;2005/1;1261.7
Ambos sexos;55 a 59;Total;2004/4;1230.2
Ambos sexos;55 a 59;Total;2004/3;1204.9
Ambos sexos;55 a 59;Total;2004/2;1197.8
Ambos sexos;55 a 59;Total;2004/1;1200.2
Ambos sexos;55 a 59;Total;2003/4;1188
Ambos sexos;55 a 59;Total;2003/3;1155.5
Ambos sexos;55 a 59;Total;2003/2;1144.3
Ambos sexos;55 a 59;Total;2003/1;1125
Ambos sexos;55 a 59;Total;2002/4;1124.7
Ambos sexos;55 a 59;Total;2002/3;1096.3
Ambos sexos;55 a 59;Total;2002/2;1096.7
Ambos sexos;55 a 59;Total;2002/1;1078.2
Ambos sexos;60 a 64;Total;2021/3;1381.5
Ambos sexos;60 a 64;Total;2021/2;1358.6
Ambos sexos;60 a 64;Total;2021/1;1317.8
Ambos sexos;60 a 64;Total;2020/4;1301.9
Ambos sexos;60 a 64;Total;2020/3;1280.7
Ambos sexos;60 a 64;Total;2020/2;1243.1
Ambos sexos;60 a 64;Total;2020/1;1259.5
Ambos sexos;60 a 64;Total;2019/4;1227.4
Ambos sexos;60 a 64;Total;2019/3;1178.8
Ambos sexos;60 a 64;Total;2019/2;1161.6
Ambos sexos;60 a 64;Total;2019/1;1129.3
Ambos sexos;60 a 64;Total;2018/4;1111.3
Ambos sexos;60 a 64;Total;2018/3;1092.4
Ambos sexos;60 a 64;Total;2018/2;1074
Ambos sexos;60 a 64;Total;2018/1;1023.9
Ambos sexos;60 a 64;Total;2017/4;1037.3
Ambos sexos;60 a 64;Total;2017/3;1034.3
Ambos sexos;60 a 64;Total;2017/2;1014.1
Ambos sexos;60 a 64;Total;2017/1;974.2
Ambos sexos;60 a 64;Total;2016/4;955.1
Ambos sexos;60 a 64;Total;2016/3;956.5
Ambos sexos;60 a 64;Total;2016/2;958
Ambos sexos;60 a 64;Total;2016/1;942
Ambos sexos;60 a 64;Total;2015/4;929.1
Ambos sexos;60 a 64;Total;2015/3;898.8
Ambos sexos;60 a 64;Total;2015/2;880.8
Ambos sexos;60 a 64;Total;2015/1;848.9
Ambos sexos;60 a 64;Total;2014/4;849.7
Ambos sexos;60 a 64;Total;2014/3;833.4
Ambos sexos;60 a 64;Total;2014/2;816.9
Ambos sexos;60 a 64;Total;2014/1;783.6
Ambos sexos;60 a 64;Total;2013/4;775.4
Ambos sexos;60 a 64;Total;2013/3;768.1
Ambos sexos;60 a 64;Total;2013/2;758.1
Ambos sexos;60 a 64;Total;2013/1;742.5
Ambos sexos;60 a 64;Total;2012/4;772.7
Ambos sexos;60 a 64;Total;2012/3;790.4
Ambos sexos;60 a 64;Total;2012/2;796
Ambos sexos;60 a 64;Total;2012/1;778.8
Ambos sexos;60 a 64;Total;2011/4;799.8
Ambos sexos;60 a 64;Total;2011/3;804.9
Ambos sexos;60 a 64;Total;2011/2;800.1
Ambos sexos;60 a 64;Total;2011/1;791.1
Ambos sexos;60 a 64;Total;2010/4;775.9
Ambos sexos;60 a 64;Total;2010/3;779.3
Ambos sexos;60 a 64;Total;2010/2;774.9
Ambos sexos;60 a 64;Total;2010/1;781.8
Ambos sexos;60 a 64;Total;2009/4;768
Ambos sexos;60 a 64;Total;2009/3;775.8
Ambos sexos;60 a 64;Total;2009/2;803.4
Ambos sexos;60 a 64;Total;2009/1;794.7
Ambos sexos;60 a 64;Total;2008/4;808.5
Ambos sexos;60 a 64;Total;2008/3;805.2
Ambos sexos;60 a 64;Total;2008/2;801.1
Ambos sexos;60 a 64;Total;2008/1;780.3
Ambos sexos;60 a 64;Total;2007/4;770.3
Ambos sexos;60 a 64;Total;2007/3;754.6
Ambos sexos;60 a 64;Total;2007/2;753.8
Ambos sexos;60 a 64;Total;2007/1;728.1
Ambos sexos;60 a 64;Total;2006/4;724.1
Ambos sexos;60 a 64;Total;2006/3;715.6
Ambos sexos;60 a 64;Total;2006/2;722.4
Ambos sexos;60 a 64;Total;2006/1;723.6
Ambos sexos;60 a 64;Total;2005/4;697.2
Ambos sexos;60 a 64;Total;2005/3;692.8
Ambos sexos;60 a 64;Total;2005/2;674
Ambos sexos;60 a 64;Total;2005/1;663.4
Ambos sexos;60 a 64;Total;2004/4;647.1
Ambos sexos;60 a 64;Total;2004/3;630.8
Ambos sexos;60 a 64;Total;2004/2;611.1
Ambos sexos;60 a 64;Total;2004/1;597.5
Ambos sexos;60 a 64;Total;2003/4;594.5
Ambos sexos;60 a 64;Total;2003/3;581.8
Ambos sexos;60 a 64;Total;2003/2;580.8
Ambos sexos;60 a 64;Total;2003/1;564.2
Ambos sexos;60 a 64;Total;2002/4;544.6
Ambos sexos;60 a 64;Total;2002/3;537.9
Ambos sexos;60 a 64;Total;2002/2;535.3
Ambos sexos;60 a 64;Total;2002/1;522.8
Ambos sexos;65 a 69;Total;2021/3;218.4
Ambos sexos;65 a 69;Total;2021/2;228.9
Ambos sexos;65 a 69;Total;2021/1;220.8
Ambos sexos;65 a 69;Total;2020/4;220.1
Ambos sexos;65 a 69;Total;2020/3;202.2
Ambos sexos;65 a 69;Total;2020/2;177.1
Ambos sexos;65 a 69;Total;2020/1;171.6
Ambos sexos;65 a 69;Total;2019/4;163.2
Ambos sexos;65 a 69;Total;2019/3;165.8
Ambos sexos;65 a 69;Total;2019/2;156.3
Ambos sexos;65 a 69;Total;2019/1;142.2
Ambos sexos;65 a 69;Total;2018/4;147.1
Ambos sexos;65 a 69;Total;2018/3;150.4
Ambos sexos;65 a 69;Total;2018/2;143.9
Ambos sexos;65 a 69;Total;2018/1;136
Ambos sexos;65 a 69;Total;2017/4;136
Ambos sexos;65 a 69;Total;2017/3;138.9
Ambos sexos;65 a 69;Total;2017/2;135.4
Ambos sexos;65 a 69;Total;2017/1;128.5
Ambos sexos;65 a 69;Total;2016/4;128.3
Ambos sexos;65 a 69;Total;2016/3;126.2
Ambos sexos;65 a 69;Total;2016/2;126.1
Ambos sexos;65 a 69;Total;2016/1;114.8
Ambos sexos;65 a 69;Total;2015/4;125.8
Ambos sexos;65 a 69;Total;2015/3;117.6
Ambos sexos;65 a 69;Total;2015/2;110.4
Ambos sexos;65 a 69;Total;2015/1;108.4
Ambos sexos;65 a 69;Total;2014/4;103
Ambos sexos;65 a 69;Total;2014/3;108.5
Ambos sexos;65 a 69;Total;2014/2;98.9
Ambos sexos;65 a 69;Total;2014/1;96.6
Ambos sexos;65 a 69;Total;2013/4;100.8
Ambos sexos;65 a 69;Total;2013/3;102.8
Ambos sexos;65 a 69;Total;2013/2;105.9
Ambos sexos;65 a 69;Total;2013/1;108.8
Ambos sexos;65 a 69;Total;2012/4;119.8
Ambos sexos;65 a 69;Total;2012/3;117.8
Ambos sexos;65 a 69;Total;2012/2;113.3
Ambos sexos;65 a 69;Total;2012/1;109
Ambos sexos;65 a 69;Total;2011/4;118.2
Ambos sexos;65 a 69;Total;2011/3;104.2
Ambos sexos;65 a 69;Total;2011/2;107.4
Ambos sexos;65 a 69;Total;2011/1;105.5
Ambos sexos;65 a 69;Total;2010/4;111.2
Ambos sexos;65 a 69;Total;2010/3;109.3
Ambos sexos;65 a 69;Total;2010/2;110.4
Ambos sexos;65 a 69;Total;2010/1;107.8
Ambos sexos;65 a 69;Total;2009/4;116.2
Ambos sexos;65 a 69;Total;2009/3;109.8
Ambos sexos;65 a 69;Total;2009/2;107.6
Ambos sexos;65 a 69;Total;2009/1;108.8
Ambos sexos;65 a 69;Total;2008/4;115.6
Ambos sexos;65 a 69;Total;2008/3;112.2
Ambos sexos;65 a 69;Total;2008/2;112.9
Ambos sexos;65 a 69;Total;2008/1;106.1
Ambos sexos;65 a 69;Total;2007/4;98.8
Ambos sexos;65 a 69;Total;2007/3;101
Ambos sexos;65 a 69;Total;2007/2;89.1
Ambos sexos;65 a 69;Total;2007/1;94
Ambos sexos;65 a 69;Total;2006/4;94.2
Ambos sexos;65 a 69;Total;2006/3;101.4
Ambos sexos;65 a 69;Total;2006/2;104.4
Ambos sexos;65 a 69;Total;2006/1;91.9
Ambos sexos;65 a 69;Total;2005/4;93.3
Ambos sexos;65 a 69;Total;2005/3;88.2
Ambos sexos;65 a 69;Total;2005/2;86.7
Ambos sexos;65 a 69;Total;2005/1;86.9
Ambos sexos;65 a 69;Total;2004/4;72.5
Ambos sexos;65 a 69;Total;2004/3;75.6
Ambos sexos;65 a 69;Total;2004/2;83.2
Ambos sexos;65 a 69;Total;2004/1;80.3
Ambos sexos;65 a 69;Total;2003/4;76.9
Ambos sexos;65 a 69;Total;2003/3;75.3
Ambos sexos;65 a 69;Total;2003/2;78.1
Ambos sexos;65 a 69;Total;2003/1;80.8
Ambos sexos;65 a 69;Total;2002/4;70.1
Ambos sexos;65 a 69;Total;2002/3;75.5
Ambos sexos;65 a 69;Total;2002/2;77.6
Ambos sexos;65 a 69;Total;2002/1;83.6
Ambos sexos;70 y más años;Total;2021/3;58.2
Ambos sexos;70 y más años;Total;2021/2;49.7
Ambos sexos;70 y más años;Total;2021/1;46.1
Ambos sexos;70 y más años;Total;2020/4;47.1
Ambos sexos;70 y más años;Total;2020/3;48.2
Ambos sexos;70 y más años;Total;2020/2;52.7
Ambos sexos;70 y más años;Total;2020/1;60.5
Ambos sexos;70 y más años;Total;2019/4;55.1
Ambos sexos;70 y más años;Total;2019/3;54.9
Ambos sexos;70 y más años;Total;2019/2;55.5
Ambos sexos;70 y más años;Total;2019/1;52.6
Ambos sexos;70 y más años;Total;2018/4;51.6
Ambos sexos;70 y más años;Total;2018/3;47
Ambos sexos;70 y más años;Total;2018/2;44.1
Ambos sexos;70 y más años;Total;2018/1;45.4
Ambos sexos;70 y más años;Total;2017/4;42
Ambos sexos;70 y más años;Total;2017/3;42.1
Ambos sexos;70 y más años;Total;2017/2;42.1
Ambos sexos;70 y más años;Total;2017/1;39.9
Ambos sexos;70 y más años;Total;2016/4;35.9
Ambos sexos;70 y más años;Total;2016/3;33.8
Ambos sexos;70 y más años;Total;2016/2;36.5
Ambos sexos;70 y más años;Total;2016/1;34
Ambos sexos;70 y más años;Total;2015/4;36.1
Ambos sexos;70 y más años;Total;2015/3;33.4
Ambos sexos;70 y más años;Total;2015/2;32.9
Ambos sexos;70 y más años;Total;2015/1;29.6
Ambos sexos;70 y más años;Total;2014/4;32.4
Ambos sexos;70 y más años;Total;2014/3;33.6
Ambos sexos;70 y más años;Total;2014/2;31.1
Ambos sexos;70 y más años;Total;2014/1;30.4
Ambos sexos;70 y más años;Total;2013/4;29.2
Ambos sexos;70 y más años;Total;2013/3;32.4
Ambos sexos;70 y más años;Total;2013/2;36.2
Ambos sexos;70 y más años;Total;2013/1;33.8
Ambos sexos;70 y más años;Total;2012/4;35.8
Ambos sexos;70 y más años;Total;2012/3;43.2
Ambos sexos;70 y más años;Total;2012/2;43.8
Ambos sexos;70 y más años;Total;2012/1;40.6
Ambos sexos;70 y más años;Total;2011/4;42.4
Ambos sexos;70 y más años;Total;2011/3;42.4
Ambos sexos;70 y más años;Total;2011/2;38.8
Ambos sexos;70 y más años;Total;2011/1;42.9
Ambos sexos;70 y más años;Total;2010/4;42.8
Ambos sexos;70 y más años;Total;2010/3;40.7
Ambos sexos;70 y más años;Total;2010/2;42
Ambos sexos;70 y más años;Total;2010/1;38.7
Ambos sexos;70 y más años;Total;2009/4;42.1
Ambos sexos;70 y más años;Total;2009/3;36.1
Ambos sexos;70 y más años;Total;2009/2;36.6
Ambos sexos;70 y más años;Total;2009/1;40.3
Ambos sexos;70 y más años;Total;2008/4;40.2
Ambos sexos;70 y más años;Total;2008/3;44.8
Ambos sexos;70 y más años;Total;2008/2;40.2
Ambos sexos;70 y más años;Total;2008/1;40.7
Ambos sexos;70 y más años;Total;2007/4;49.5
Ambos sexos;70 y más años;Total;2007/3;46.4
Ambos sexos;70 y más años;Total;2007/2;43.6
Ambos sexos;70 y más años;Total;2007/1;49.8
Ambos sexos;70 y más años;Total;2006/4;43.8
Ambos sexos;70 y más años;Total;2006/3;49.9
Ambos sexos;70 y más años;Total;2006/2;52.5
Ambos sexos;70 y más años;Total;2006/1;48.9
Ambos sexos;70 y más años;Total;2005/4;53.7
Ambos sexos;70 y más años;Total;2005/3;47.6
Ambos sexos;70 y más años;Total;2005/2;47.2
Ambos sexos;70 y más años;Total;2005/1;52.3
Ambos sexos;70 y más años;Total;2004/4;35.1
Ambos sexos;70 y más años;Total;2004/3;34.1
Ambos sexos;70 y más años;Total;2004/2;31.8
Ambos sexos;70 y más años;Total;2004/1;28.3
Ambos sexos;70 y más años;Total;2003/4;29.2
Ambos sexos;70 y más años;Total;2003/3;32.1
Ambos sexos;70 y más años;Total;2003/2;33.7
Ambos sexos;70 y más años;Total;2003/1;27.9
Ambos sexos;70 y más años;Total;2002/4;29.1
Ambos sexos;70 y más años;Total;2002/3;28.3
Ambos sexos;70 y más años;Total;2002/2;26.2
Ambos sexos;70 y más años;Total;2002/1;25.4
