Edad (grupos quinquenales);Españoles/Extranjeros;Sexo;Año;Total
0-4 años;TOTAL;Hombres;2020;1018039
0-4 años;TOTAL;Hombres;2019;1048153
0-4 años;TOTAL;Hombres;2018;1068953
0-4 años;TOTAL;Hombres;2017;1093761
0-4 años;TOTAL;Hombres;2016;1118620
0-4 años;TOTAL;Hombres;2015;1147833
0-4 años;TOTAL;Hombres;2014;1184674
0-4 años;TOTAL;Hombres;2013;1233651
0-4 años;TOTAL;Hombres;2012;1259518
0-4 años;TOTAL;Hombres;2011;1273539
0-4 años;TOTAL;Hombres;2010;1269480
0-4 años;TOTAL;Hombres;2009;1249291
0-4 años;TOTAL;Hombres;2008;1205808
0-4 años;TOTAL;Hombres;2007;1152780
0-4 años;TOTAL;Hombres;2006;1119920
0-4 años;TOTAL;Hombres;2005;1079294
0-4 años;TOTAL;Hombres;2004;1017055
0-4 años;TOTAL;Hombres;2003;979748
0-4 años;TOTAL;Hombres;2002;922356
0-4 años;TOTAL;Hombres;2001;882182
0-4 años;TOTAL;Hombres;2000;860607
0-4 años;TOTAL;Hombres;1999;865422
0-4 años;TOTAL;Hombres;1998;875176
0-4 años;TOTAL;Mujeres;2020;963653
0-4 años;TOTAL;Mujeres;2019;990510
0-4 años;TOTAL;Mujeres;2018;1010221
0-4 años;TOTAL;Mujeres;2017;1033129
0-4 años;TOTAL;Mujeres;2016;1055871
0-4 años;TOTAL;Mujeres;2015;1083014
0-4 años;TOTAL;Mujeres;2014;1117379
0-4 años;TOTAL;Mujeres;2013;1162081
0-4 años;TOTAL;Mujeres;2012;1184185
0-4 años;TOTAL;Mujeres;2011;1197021
0-4 años;TOTAL;Mujeres;2010;1194083
0-4 años;TOTAL;Mujeres;2009;1174754
0-4 años;TOTAL;Mujeres;2008;1133838
0-4 años;TOTAL;Mujeres;2007;1084747
0-4 años;TOTAL;Mujeres;2006;1055049
0-4 años;TOTAL;Mujeres;2005;1015288
0-4 años;TOTAL;Mujeres;2004;957373
0-4 años;TOTAL;Mujeres;2003;922111
0-4 años;TOTAL;Mujeres;2002;872007
0-4 años;TOTAL;Mujeres;2001;837490
0-4 años;TOTAL;Mujeres;2000;820381
0-4 años;TOTAL;Mujeres;1999;823514
0-4 años;TOTAL;Mujeres;1998;834836
05-9 años;TOTAL;Hombres;2020;1196380
05-9 años;TOTAL;Hombres;2019;1211970
05-9 años;TOTAL;Hombres;2018;1246569
05-9 años;TOTAL;Hombres;2017;1262578
05-9 años;TOTAL;Hombres;2016;1274793
05-9 años;TOTAL;Hombres;2015;1275954
05-9 años;TOTAL;Hombres;2014;1272247
05-9 años;TOTAL;Hombres;2013;1254573
05-9 años;TOTAL;Hombres;2012;1234191
05-9 años;TOTAL;Hombres;2011;1208743
05-9 años;TOTAL;Hombres;2010;1188369
05-9 años;TOTAL;Hombres;2009;1158022
05-9 años;TOTAL;Hombres;2008;1121725
05-9 años;TOTAL;Hombres;2007;1087410
05-9 años;TOTAL;Hombres;2006;1058479
05-9 años;TOTAL;Hombres;2005;1033173
05-9 años;TOTAL;Hombres;2004;1013590
05-9 años;TOTAL;Hombres;2003;1008889
05-9 años;TOTAL;Hombres;2002;1004071
05-9 años;TOTAL;Hombres;2001;1008889
05-9 años;TOTAL;Hombres;2000;1018827
05-9 años;TOTAL;Hombres;1999;1031632
05-9 años;TOTAL;Hombres;1998;1050772
05-9 años;TOTAL;Mujeres;2020;1129063
05-9 años;TOTAL;Mujeres;2019;1143524
05-9 años;TOTAL;Mujeres;2018;1174981
05-9 años;TOTAL;Mujeres;2017;1190019
05-9 años;TOTAL;Mujeres;2016;1202680
05-9 años;TOTAL;Mujeres;2015;1206221
05-9 años;TOTAL;Mujeres;2014;1203956
05-9 años;TOTAL;Mujeres;2013;1190382
05-9 años;TOTAL;Mujeres;2012;1170121
05-9 años;TOTAL;Mujeres;2011;1147612
05-9 años;TOTAL;Mujeres;2010;1126068
05-9 años;TOTAL;Mujeres;2009;1097595
05-9 años;TOTAL;Mujeres;2008;1059149
05-9 años;TOTAL;Mujeres;2007;1027248
05-9 años;TOTAL;Mujeres;2006;1001549
05-9 años;TOTAL;Mujeres;2005;979914
05-9 años;TOTAL;Mujeres;2004;961533
05-9 años;TOTAL;Mujeres;2003;958977
05-9 años;TOTAL;Mujeres;2002;953913
05-9 años;TOTAL;Mujeres;2001;955901
05-9 años;TOTAL;Mujeres;2000;965193
05-9 años;TOTAL;Mujeres;1999;975988
05-9 años;TOTAL;Mujeres;1998;996903
10-14 años;TOTAL;Hombres;2020;1297635
10-14 años;TOTAL;Hombres;2019;1280031
10-14 años;TOTAL;Hombres;2018;1248919
10-14 años;TOTAL;Hombres;2017;1222729
10-14 años;TOTAL;Hombres;2016;1198494
10-14 años;TOTAL;Hombres;2015;1183541
10-14 años;TOTAL;Hombres;2014;1163212
10-14 años;TOTAL;Hombres;2013;1147748
10-14 años;TOTAL;Hombres;2012;1137976
10-14 años;TOTAL;Hombres;2011;1124459
10-14 años;TOTAL;Hombres;2010;1108827
10-14 años;TOTAL;Hombres;2009;1098729
10-14 años;TOTAL;Hombres;2008;1096328
10-14 años;TOTAL;Hombres;2007;1092802
10-14 años;TOTAL;Hombres;2006;1100398
10-14 años;TOTAL;Hombres;2005;1108850
10-14 años;TOTAL;Hombres;2004;1114544
10-14 años;TOTAL;Hombres;2003;1116646
10-14 años;TOTAL;Hombres;2002;1108219
10-14 años;TOTAL;Hombres;2001;1112200
10-14 años;TOTAL;Hombres;2000;1128870
10-14 años;TOTAL;Hombres;1999;1155009
10-14 años;TOTAL;Hombres;1998;1172851
10-14 años;TOTAL;Mujeres;2020;1225863
10-14 años;TOTAL;Mujeres;2019;1211340
10-14 años;TOTAL;Mujeres;2018;1185254
10-14 años;TOTAL;Mujeres;2017;1161484
10-14 años;TOTAL;Mujeres;2016;1140405
10-14 años;TOTAL;Mujeres;2015;1123361
10-14 años;TOTAL;Mujeres;2014;1105503
10-14 años;TOTAL;Mujeres;2013;1087202
10-14 años;TOTAL;Mujeres;2012;1076732
10-14 años;TOTAL;Mujeres;2011;1062804
10-14 años;TOTAL;Mujeres;2010;1049513
10-14 años;TOTAL;Mujeres;2009;1039489
10-14 años;TOTAL;Mujeres;2008;1039041
10-14 años;TOTAL;Mujeres;2007;1035845
10-14 años;TOTAL;Mujeres;2006;1040000
10-14 años;TOTAL;Mujeres;2005;1048634
10-14 años;TOTAL;Mujeres;2004;1054615
10-14 años;TOTAL;Mujeres;2003;1057108
10-14 años;TOTAL;Mujeres;2002;1047938
10-14 años;TOTAL;Mujeres;2001;1053210
10-14 años;TOTAL;Mujeres;2000;1069791
10-14 años;TOTAL;Mujeres;1999;1093139
10-14 años;TOTAL;Mujeres;1998;1114047
15-19 años;TOTAL;Hombres;2020;1232566
15-19 años;TOTAL;Hombres;2019;1195323
15-19 años;TOTAL;Hombres;2018;1159872
15-19 años;TOTAL;Hombres;2017;1139763
15-19 años;TOTAL;Hombres;2016;1123784
15-19 años;TOTAL;Hombres;2015;1108717
15-19 años;TOTAL;Hombres;2014;1107374
15-19 años;TOTAL;Hombres;2013;1122595
15-19 años;TOTAL;Hombres;2012;1146321
15-19 años;TOTAL;Hombres;2011;1167727
15-19 años;TOTAL;Hombres;2010;1185770
15-19 años;TOTAL;Hombres;2009;1203734
15-19 años;TOTAL;Hombres;2008;1211178
15-19 años;TOTAL;Hombres;2007;1198595
15-19 años;TOTAL;Hombres;2006;1205080
15-19 años;TOTAL;Hombres;2005;1218199
15-19 años;TOTAL;Hombres;2004;1229969
15-19 años;TOTAL;Hombres;2003;1254415
15-19 años;TOTAL;Hombres;2002;1283897
15-19 años;TOTAL;Hombres;2001;1324341
15-19 años;TOTAL;Hombres;2000;1375253
15-19 años;TOTAL;Hombres;1999;1439162
15-19 años;TOTAL;Hombres;1998;1503079
15-19 años;TOTAL;Mujeres;2020;1156455
15-19 años;TOTAL;Mujeres;2019;1127123
15-19 años;TOTAL;Mujeres;2018;1093442
15-19 años;TOTAL;Mujeres;2017;1076033
15-19 años;TOTAL;Mujeres;2016;1060085
15-19 años;TOTAL;Mujeres;2015;1046339
15-19 años;TOTAL;Mujeres;2014;1043353
15-19 años;TOTAL;Mujeres;2013;1058721
15-19 años;TOTAL;Mujeres;2012;1081229
15-19 años;TOTAL;Mujeres;2011;1100177
15-19 años;TOTAL;Mujeres;2010;1117658
15-19 años;TOTAL;Mujeres;2009;1135447
15-19 años;TOTAL;Mujeres;2008;1143326
15-19 años;TOTAL;Mujeres;2007;1132282
15-19 años;TOTAL;Mujeres;2006;1140164
15-19 años;TOTAL;Mujeres;2005;1153224
15-19 años;TOTAL;Mujeres;2004;1166377
15-19 años;TOTAL;Mujeres;2003;1189972
15-19 años;TOTAL;Mujeres;2002;1218803
15-19 años;TOTAL;Mujeres;2001;1256845
15-19 años;TOTAL;Mujeres;2000;1307638
15-19 años;TOTAL;Mujeres;1999;1366633
15-19 años;TOTAL;Mujeres;1998;1429601
20-24 años;TOTAL;Hombres;2020;1207902
20-24 años;TOTAL;Hombres;2019;1177825
20-24 años;TOTAL;Hombres;2018;1166902
20-24 años;TOTAL;Hombres;2017;1169260
20-24 años;TOTAL;Hombres;2016;1181459
20-24 años;TOTAL;Hombres;2015;1199353
20-24 años;TOTAL;Hombres;2014;1225875
20-24 años;TOTAL;Hombres;2013;1257866
20-24 años;TOTAL;Hombres;2012;1290015
20-24 años;TOTAL;Hombres;2011;1326358
20-24 años;TOTAL;Hombres;2010;1371030
20-24 años;TOTAL;Hombres;2009;1421538
20-24 años;TOTAL;Hombres;2008;1451460
20-24 años;TOTAL;Hombres;2007;1457797
20-24 años;TOTAL;Hombres;2006;1504389
20-24 años;TOTAL;Hombres;2005;1553976
20-24 años;TOTAL;Hombres;2004;1583540
20-24 años;TOTAL;Hombres;2003;1642044
20-24 años;TOTAL;Hombres;2002;1667092
20-24 años;TOTAL;Hombres;2001;1683316
20-24 años;TOTAL;Hombres;2000;1690846
20-24 años;TOTAL;Hombres;1999;1715743
20-24 años;TOTAL;Hombres;1998;1711858
20-24 años;TOTAL;Mujeres;2020;1152765
20-24 años;TOTAL;Mujeres;2019;1127478
20-24 años;TOTAL;Mujeres;2018;1121194
20-24 años;TOTAL;Mujeres;2017;1124077
20-24 años;TOTAL;Mujeres;2016;1135522
20-24 años;TOTAL;Mujeres;2015;1155245
20-24 años;TOTAL;Mujeres;2014;1183648
20-24 años;TOTAL;Mujeres;2013;1218243
20-24 años;TOTAL;Mujeres;2012;1248883
20-24 años;TOTAL;Mujeres;2011;1284899
20-24 años;TOTAL;Mujeres;2010;1324193
20-24 años;TOTAL;Mujeres;2009;1364287
20-24 años;TOTAL;Mujeres;2008;1387678
20-24 años;TOTAL;Mujeres;2007;1397048
20-24 años;TOTAL;Mujeres;2006;1432204
20-24 años;TOTAL;Mujeres;2005;1477657
20-24 años;TOTAL;Mujeres;2004;1510342
20-24 años;TOTAL;Mujeres;2003;1560550
20-24 años;TOTAL;Mujeres;2002;1582506
20-24 años;TOTAL;Mujeres;2001;1605489
20-24 años;TOTAL;Mujeres;2000;1619889
20-24 años;TOTAL;Mujeres;1999;1639134
20-24 años;TOTAL;Mujeres;1998;1641868
25-29 años;TOTAL;Hombres;2020;1308197
25-29 años;TOTAL;Hombres;2019;1295737
25-29 años;TOTAL;Hombres;2018;1287532
25-29 años;TOTAL;Hombres;2017;1289737
25-29 años;TOTAL;Hombres;2016;1311613
25-29 años;TOTAL;Hombres;2015;1350302
25-29 años;TOTAL;Hombres;2014;1407918
25-29 años;TOTAL;Hombres;2013;1484299
25-29 años;TOTAL;Hombres;2012;1573691
25-29 años;TOTAL;Hombres;2011;1662639
25-29 años;TOTAL;Hombres;2010;1758840
25-29 años;TOTAL;Hombres;2009;1849833
25-29 años;TOTAL;Hombres;2008;1915080
25-29 años;TOTAL;Hombres;2007;1926676
25-29 años;TOTAL;Hombres;2006;1974135
25-29 años;TOTAL;Hombres;2005;1986840
25-29 años;TOTAL;Hombres;2004;1951669
25-29 años;TOTAL;Hombres;2003;1926047
25-29 años;TOTAL;Hombres;2002;1860947
25-29 años;TOTAL;Hombres;2001;1785834
25-29 años;TOTAL;Hombres;2000;1717199
25-29 años;TOTAL;Hombres;1999;1671530
25-29 años;TOTAL;Hombres;1998;1651699
25-29 años;TOTAL;Mujeres;2020;1275776
25-29 años;TOTAL;Mujeres;2019;1270624
25-29 años;TOTAL;Mujeres;2018;1269682
25-29 años;TOTAL;Mujeres;2017;1277521
25-29 años;TOTAL;Mujeres;2016;1305071
25-29 años;TOTAL;Mujeres;2015;1345328
25-29 años;TOTAL;Mujeres;2014;1400803
25-29 años;TOTAL;Mujeres;2013;1468837
25-29 años;TOTAL;Mujeres;2012;1541820
25-29 años;TOTAL;Mujeres;2011;1611628
25-29 años;TOTAL;Mujeres;2010;1685595
25-29 años;TOTAL;Mujeres;2009;1751934
25-29 años;TOTAL;Mujeres;2008;1799545
25-29 años;TOTAL;Mujeres;2007;1809995
25-29 años;TOTAL;Mujeres;2006;1843581
25-29 años;TOTAL;Mujeres;2005;1855524
25-29 años;TOTAL;Mujeres;2004;1835667
25-29 años;TOTAL;Mujeres;2003;1813725
25-29 años;TOTAL;Mujeres;2002;1765377
25-29 años;TOTAL;Mujeres;2001;1707925
25-29 años;TOTAL;Mujeres;2000;1658582
25-29 años;TOTAL;Mujeres;1999;1612553
25-29 años;TOTAL;Mujeres;1998;1604163
30-34 años;TOTAL;Hombres;2020;1421558
30-34 años;TOTAL;Hombres;2019;1429731
30-34 años;TOTAL;Hombres;2018;1453495
30-34 años;TOTAL;Hombres;2017;1508094
30-34 años;TOTAL;Hombres;2016;1585077
30-34 años;TOTAL;Hombres;2015;1678351
30-34 años;TOTAL;Hombres;2014;1783461
30-34 años;TOTAL;Hombres;2013;1908998
30-34 años;TOTAL;Hombres;2012;2012090
30-34 años;TOTAL;Hombres;2011;2088902
30-34 años;TOTAL;Hombres;2010;2140960
30-34 años;TOTAL;Hombres;2009;2173755
30-34 años;TOTAL;Hombres;2008;2149227
30-34 años;TOTAL;Hombres;2007;2084538
30-34 años;TOTAL;Hombres;2006;2048188
30-34 años;TOTAL;Hombres;2005;1993837
30-34 años;TOTAL;Hombres;2004;1909883
30-34 años;TOTAL;Hombres;2003;1866097
30-34 años;TOTAL;Hombres;2002;1797024
30-34 años;TOTAL;Hombres;2001;1731686
30-34 años;TOTAL;Hombres;2000;1678225
30-34 años;TOTAL;Hombres;1999;1645484
30-34 años;TOTAL;Hombres;1998;1633130
30-34 años;TOTAL;Mujeres;2020;1417845
30-34 años;TOTAL;Mujeres;2019;1430659
30-34 años;TOTAL;Mujeres;2018;1455566
30-34 años;TOTAL;Mujeres;2017;1504801
30-34 años;TOTAL;Mujeres;2016;1569636
30-34 años;TOTAL;Mujeres;2015;1649802
30-34 años;TOTAL;Mujeres;2014;1736828
30-34 años;TOTAL;Mujeres;2013;1837506
30-34 años;TOTAL;Mujeres;2012;1912083
30-34 años;TOTAL;Mujeres;2011;1970510
30-34 años;TOTAL;Mujeres;2010;2002613
30-34 años;TOTAL;Mujeres;2009;2016290
30-34 años;TOTAL;Mujeres;2008;1987233
30-34 años;TOTAL;Mujeres;2007;1937683
30-34 años;TOTAL;Mujeres;2006;1899551
30-34 años;TOTAL;Mujeres;2005;1857000
30-34 años;TOTAL;Mujeres;2004;1797349
30-34 años;TOTAL;Mujeres;2003;1765667
30-34 años;TOTAL;Mujeres;2002;1718119
30-34 años;TOTAL;Mujeres;2001;1674038
30-34 años;TOTAL;Mujeres;2000;1642783
30-34 años;TOTAL;Mujeres;1999;1619366
30-34 años;TOTAL;Mujeres;1998;1612102
35-39 años;TOTAL;Hombres;2020;1702135
35-39 años;TOTAL;Hombres;2019;1757401
35-39 años;TOTAL;Hombres;2018;1830478
35-39 años;TOTAL;Hombres;2017;1904963
35-39 años;TOTAL;Hombres;2016;1979773
35-39 años;TOTAL;Hombres;2015;2037837
35-39 años;TOTAL;Hombres;2014;2089737
35-39 años;TOTAL;Hombres;2013;2120436
35-39 años;TOTAL;Hombres;2012;2130552
35-39 años;TOTAL;Hombres;2011;2112291
35-39 años;TOTAL;Hombres;2010;2089076
35-39 años;TOTAL;Hombres;2009;2060177
35-39 años;TOTAL;Hombres;2008;2023226
35-39 años;TOTAL;Hombres;2007;1959174
35-39 años;TOTAL;Hombres;2006;1927765
35-39 años;TOTAL;Hombres;2005;1885715
35-39 años;TOTAL;Hombres;2004;1835724
35-39 años;TOTAL;Hombres;2003;1800981
35-39 años;TOTAL;Hombres;2002;1729638
35-39 años;TOTAL;Hombres;2001;1659160
35-39 años;TOTAL;Hombres;2000;1602500
35-39 años;TOTAL;Hombres;1999;1545250
35-39 años;TOTAL;Hombres;1998;1512419
35-39 años;TOTAL;Mujeres;2020;1688865
35-39 años;TOTAL;Mujeres;2019;1735199
35-39 años;TOTAL;Mujeres;2018;1794227
35-39 años;TOTAL;Mujeres;2017;1849985
35-39 años;TOTAL;Mujeres;2016;1908500
35-39 años;TOTAL;Mujeres;2015;1952052
35-39 años;TOTAL;Mujeres;2014;1988076
35-39 años;TOTAL;Mujeres;2013;2004617
35-39 años;TOTAL;Mujeres;2012;2005718
35-39 años;TOTAL;Mujeres;2011;1983502
35-39 años;TOTAL;Mujeres;2010;1957043
35-39 años;TOTAL;Mujeres;2009;1927042
35-39 años;TOTAL;Mujeres;2008;1891344
35-39 años;TOTAL;Mujeres;2007;1847382
35-39 años;TOTAL;Mujeres;2006;1821212
35-39 años;TOTAL;Mujeres;2005;1796659
35-39 años;TOTAL;Mujeres;2004;1767562
35-39 años;TOTAL;Mujeres;2003;1742062
35-39 años;TOTAL;Mujeres;2002;1685613
35-39 años;TOTAL;Mujeres;2001;1632611
35-39 años;TOTAL;Mujeres;2000;1589624
35-39 años;TOTAL;Mujeres;1999;1540727
35-39 años;TOTAL;Mujeres;1998;1512285
40-44 años;TOTAL;Hombres;2020;2024303
40-44 años;TOTAL;Hombres;2019;2037012
40-44 años;TOTAL;Hombres;2018;2030238
40-44 años;TOTAL;Hombres;2017;2022771
40-44 años;TOTAL;Hombres;2016;2009139
40-44 años;TOTAL;Hombres;2015;1993988
40-44 años;TOTAL;Hombres;2014;1983102
40-44 años;TOTAL;Hombres;2013;1987658
40-44 años;TOTAL;Hombres;2012;1984676
40-44 años;TOTAL;Hombres;2011;1967008
40-44 años;TOTAL;Hombres;2010;1947712
40-44 años;TOTAL;Hombres;2009;1936397
40-44 años;TOTAL;Hombres;2008;1899435
40-44 años;TOTAL;Hombres;2007;1832087
40-44 años;TOTAL;Hombres;2006;1787716
40-44 años;TOTAL;Hombres;2005;1742996
40-44 años;TOTAL;Hombres;2004;1670028
40-44 años;TOTAL;Hombres;2003;1627803
40-44 años;TOTAL;Hombres;2002;1572550
40-44 años;TOTAL;Hombres;2001;1510106
40-44 años;TOTAL;Hombres;2000;1441542
40-44 años;TOTAL;Hombres;1999;1381605
40-44 años;TOTAL;Hombres;1998;1333288
40-44 años;TOTAL;Mujeres;2020;1971909
40-44 años;TOTAL;Mujeres;2019;1976554
40-44 años;TOTAL;Mujeres;2018;1962417
40-44 años;TOTAL;Mujeres;2017;1950869
40-44 años;TOTAL;Mujeres;2016;1931914
40-44 años;TOTAL;Mujeres;2015;1915711
40-44 años;TOTAL;Mujeres;2014;1901973
40-44 años;TOTAL;Mujeres;2013;1903632
40-44 años;TOTAL;Mujeres;2012;1901283
40-44 años;TOTAL;Mujeres;2011;1886437
40-44 años;TOTAL;Mujeres;2010;1871749
40-44 años;TOTAL;Mujeres;2009;1863095
40-44 años;TOTAL;Mujeres;2008;1829393
40-44 años;TOTAL;Mujeres;2007;1774602
40-44 años;TOTAL;Mujeres;2006;1736790
40-44 años;TOTAL;Mujeres;2005;1700087
40-44 años;TOTAL;Mujeres;2004;1639776
40-44 años;TOTAL;Mujeres;2003;1603636
40-44 años;TOTAL;Mujeres;2002;1558010
40-44 años;TOTAL;Mujeres;2001;1503423
40-44 años;TOTAL;Mujeres;2000;1443408
40-44 años;TOTAL;Mujeres;1999;1390508
40-44 años;TOTAL;Mujeres;1998;1340737
45-49 años;TOTAL;Hombres;2020;1968659
45-49 años;TOTAL;Hombres;2019;1928966
45-49 años;TOTAL;Hombres;2018;1902206
45-49 años;TOTAL;Hombres;2017;1886424
45-49 años;TOTAL;Hombres;2016;1873686
45-49 años;TOTAL;Hombres;2015;1863013
45-49 años;TOTAL;Hombres;2014;1866251
45-49 años;TOTAL;Hombres;2013;1862177
45-49 años;TOTAL;Hombres;2012;1835398
45-49 años;TOTAL;Hombres;2011;1801840
45-49 años;TOTAL;Hombres;2010;1773465
45-49 años;TOTAL;Hombres;2009;1728535
45-49 años;TOTAL;Hombres;2008;1687614
45-49 años;TOTAL;Hombres;2007;1636907
45-49 años;TOTAL;Hombres;2006;1590895
45-49 años;TOTAL;Hombres;2005;1528427
45-49 años;TOTAL;Hombres;2004;1453575
45-49 años;TOTAL;Hombres;2003;1401726
45-49 años;TOTAL;Hombres;2002;1346397
45-49 años;TOTAL;Hombres;2001;1296198
45-49 años;TOTAL;Hombres;2000;1254412
45-49 años;TOTAL;Hombres;1999;1242839
45-49 años;TOTAL;Hombres;1998;1237227
45-49 años;TOTAL;Mujeres;2020;1926866
45-49 años;TOTAL;Mujeres;2019;1889955
45-49 años;TOTAL;Mujeres;2018;1866107
45-49 años;TOTAL;Mujeres;2017;1854123
45-49 años;TOTAL;Mujeres;2016;1842480
45-49 años;TOTAL;Mujeres;2015;1836649
45-49 años;TOTAL;Mujeres;2014;1840502
45-49 años;TOTAL;Mujeres;2013;1834774
45-49 años;TOTAL;Mujeres;2012;1807895
45-49 años;TOTAL;Mujeres;2011;1778681
45-49 años;TOTAL;Mujeres;2010;1749685
45-49 años;TOTAL;Mujeres;2009;1706169
45-49 años;TOTAL;Mujeres;2008;1665836
45-49 años;TOTAL;Mujeres;2007;1622680
45-49 años;TOTAL;Mujeres;2006;1576528
45-49 años;TOTAL;Mujeres;2005;1518132
45-49 años;TOTAL;Mujeres;2004;1450405
45-49 años;TOTAL;Mujeres;2003;1399517
45-49 años;TOTAL;Mujeres;2002;1344358
45-49 años;TOTAL;Mujeres;2001;1297478
45-49 años;TOTAL;Mujeres;2000;1257465
45-49 años;TOTAL;Mujeres;1999;1250044
45-49 años;TOTAL;Mujeres;1998;1245888
50-54 años;TOTAL;Hombres;2020;1828015
50-54 años;TOTAL;Hombres;2019;1810617
50-54 años;TOTAL;Hombres;2018;1784567
50-54 años;TOTAL;Hombres;2017;1750209
50-54 años;TOTAL;Hombres;2016;1720389
50-54 años;TOTAL;Hombres;2015;1696724
50-54 años;TOTAL;Hombres;2014;1662519
50-54 años;TOTAL;Hombres;2013;1645977
50-54 años;TOTAL;Hombres;2012;1625150
50-54 años;TOTAL;Hombres;2011;1587776
50-54 años;TOTAL;Hombres;2010;1536718
50-54 años;TOTAL;Hombres;2009;1479446
50-54 años;TOTAL;Hombres;2008;1428323
50-54 años;TOTAL;Hombres;2007;1375080
50-54 años;TOTAL;Hombres;2006;1334306
50-54 años;TOTAL;Hombres;2005;1295100
50-54 años;TOTAL;Hombres;2004;1271931
50-54 años;TOTAL;Hombres;2003;1270029
50-54 años;TOTAL;Hombres;2002;1236734
50-54 años;TOTAL;Hombres;2001;1214610
50-54 años;TOTAL;Hombres;2000;1210359
50-54 años;TOTAL;Hombres;1999;1194451
50-54 años;TOTAL;Hombres;1998;1153057
50-54 años;TOTAL;Mujeres;2020;1840434
50-54 años;TOTAL;Mujeres;2019;1827223
50-54 años;TOTAL;Mujeres;2018;1801527
50-54 años;TOTAL;Mujeres;2017;1767398
50-54 años;TOTAL;Mujeres;2016;1739135
50-54 años;TOTAL;Mujeres;2015;1715876
50-54 años;TOTAL;Mujeres;2014;1680728
50-54 años;TOTAL;Mujeres;2013;1663366
50-54 años;TOTAL;Mujeres;2012;1642551
50-54 años;TOTAL;Mujeres;2011;1603658
50-54 años;TOTAL;Mujeres;2010;1551812
50-54 años;TOTAL;Mujeres;2009;1496562
50-54 años;TOTAL;Mujeres;2008;1442050
50-54 años;TOTAL;Mujeres;2007;1387797
50-54 años;TOTAL;Mujeres;2006;1346010
50-54 años;TOTAL;Mujeres;2005;1306711
50-54 años;TOTAL;Mujeres;2004;1284153
50-54 años;TOTAL;Mujeres;2003;1283805
50-54 años;TOTAL;Mujeres;2002;1253442
50-54 años;TOTAL;Mujeres;2001;1234471
50-54 años;TOTAL;Mujeres;2000;1236374
50-54 años;TOTAL;Mujeres;1999;1223069
50-54 años;TOTAL;Mujeres;1998;1180592
55-59 años;TOTAL;Hombres;2020;1652558
55-59 años;TOTAL;Hombres;2019;1604216
55-59 años;TOTAL;Hombres;2018;1569263
55-59 años;TOTAL;Hombres;2017;1542291
55-59 años;TOTAL;Hombres;2016;1507166
55-59 años;TOTAL;Hombres;2015;1463284
55-59 años;TOTAL;Hombres;2014;1415943
55-59 años;TOTAL;Hombres;2013;1383062
55-59 años;TOTAL;Hombres;2012;1351254
55-59 años;TOTAL;Hombres;2011;1317232
55-59 años;TOTAL;Hombres;2010;1285336
55-59 años;TOTAL;Hombres;2009;1274182
55-59 años;TOTAL;Hombres;2008;1272124
55-59 años;TOTAL;Hombres;2007;1242564
55-59 años;TOTAL;Hombres;2006;1225645
55-59 años;TOTAL;Hombres;2005;1221934
55-59 años;TOTAL;Hombres;2004;1194884
55-59 años;TOTAL;Hombres;2003;1162092
55-59 años;TOTAL;Hombres;2002;1114129
55-59 años;TOTAL;Hombres;2001;1066595
55-59 años;TOTAL;Hombres;2000;1049358
55-59 años;TOTAL;Hombres;1999;975487
55-59 años;TOTAL;Hombres;1998;913800
55-59 años;TOTAL;Mujeres;2020;1712299
55-59 años;TOTAL;Mujeres;2019;1662733
55-59 años;TOTAL;Mujeres;2018;1627272
55-59 años;TOTAL;Mujeres;2017;1600048
55-59 años;TOTAL;Mujeres;2016;1562045
55-59 años;TOTAL;Mujeres;2015;1515959
55-59 años;TOTAL;Mujeres;2014;1468609
55-59 años;TOTAL;Mujeres;2013;1433467
55-59 años;TOTAL;Mujeres;2012;1396505
55-59 años;TOTAL;Mujeres;2011;1360582
55-59 años;TOTAL;Mujeres;2010;1326540
55-59 años;TOTAL;Mujeres;2009;1314789
55-59 años;TOTAL;Mujeres;2008;1312332
55-59 años;TOTAL;Mujeres;2007;1284711
55-59 años;TOTAL;Mujeres;2006;1269591
55-59 años;TOTAL;Mujeres;2005;1269367
55-59 años;TOTAL;Mujeres;2004;1241745
55-59 años;TOTAL;Mujeres;2003;1206823
55-59 años;TOTAL;Mujeres;2002;1157312
55-59 años;TOTAL;Mujeres;2001;1105578
55-59 años;TOTAL;Mujeres;2000;1088392
55-59 años;TOTAL;Mujeres;1999;1016348
55-59 años;TOTAL;Mujeres;1998;957103
60-64 años;TOTAL;Hombres;2020;1410111
60-64 años;TOTAL;Hombres;2019;1353690
60-64 años;TOTAL;Hombres;2018;1307897
60-64 años;TOTAL;Hombres;2017;1271814
60-64 años;TOTAL;Hombres;2016;1241920
60-64 años;TOTAL;Hombres;2015;1215214
60-64 años;TOTAL;Hombres;2014;1209908
60-64 años;TOTAL;Hombres;2013;1222021
60-64 años;TOTAL;Hombres;2012;1206964
60-64 años;TOTAL;Hombres;2011;1195059
60-64 años;TOTAL;Hombres;2010;1197171
60-64 años;TOTAL;Hombres;2009;1179734
60-64 años;TOTAL;Hombres;2008;1147908
60-64 años;TOTAL;Hombres;2007;1103584
60-64 años;TOTAL;Hombres;2006;1059021
60-64 años;TOTAL;Hombres;2005;1041541
60-64 años;TOTAL;Hombres;2004;959344
60-64 años;TOTAL;Hombres;2003;907536
60-64 años;TOTAL;Hombres;2002;899621
60-64 años;TOTAL;Hombres;2001;928702
60-64 años;TOTAL;Hombres;2000;910630
60-64 años;TOTAL;Hombres;1999;977576
60-64 años;TOTAL;Hombres;1998;1017987
60-64 años;TOTAL;Mujeres;2020;1502563
60-64 años;TOTAL;Mujeres;2019;1445421
60-64 años;TOTAL;Mujeres;2018;1396048
60-64 años;TOTAL;Mujeres;2017;1354047
60-64 años;TOTAL;Mujeres;2016;1320046
60-64 años;TOTAL;Mujeres;2015;1290729
60-64 años;TOTAL;Mujeres;2014;1285335
60-64 años;TOTAL;Mujeres;2013;1300033
60-64 años;TOTAL;Mujeres;2012;1286324
60-64 años;TOTAL;Mujeres;2011;1275852
60-64 años;TOTAL;Mujeres;2010;1280561
60-64 años;TOTAL;Mujeres;2009;1262077
60-64 años;TOTAL;Mujeres;2008;1224696
60-64 años;TOTAL;Mujeres;2007;1176897
60-64 años;TOTAL;Mujeres;2006;1126406
60-64 años;TOTAL;Mujeres;2005;1108184
60-64 años;TOTAL;Mujeres;2004;1024042
60-64 años;TOTAL;Mujeres;2003;972438
60-64 años;TOTAL;Mujeres;2002;968385
60-64 años;TOTAL;Mujeres;2001;1011010
60-64 años;TOTAL;Mujeres;2000;998895
60-64 años;TOTAL;Mujeres;1999;1070385
60-64 años;TOTAL;Mujeres;1998;1114737
65-69 años;TOTAL;Hombres;2020;1153768
65-69 años;TOTAL;Hombres;2019;1141795
65-69 años;TOTAL;Hombres;2018;1139773
65-69 años;TOTAL;Hombres;2017;1120186
65-69 años;TOTAL;Hombres;2016;1110250
65-69 años;TOTAL;Hombres;2015;1116301
65-69 años;TOTAL;Hombres;2014;1104299
65-69 años;TOTAL;Hombres;2013;1085446
65-69 años;TOTAL;Hombres;2012;1052696
65-69 años;TOTAL;Hombres;2011;1013458
65-69 años;TOTAL;Hombres;2010;1000448
65-69 años;TOTAL;Hombres;2009;927927
65-69 años;TOTAL;Hombres;2008;876799
65-69 años;TOTAL;Hombres;2007;869799
65-69 años;TOTAL;Hombres;2006;896292
65-69 años;TOTAL;Hombres;2005;876918
65-69 años;TOTAL;Hombres;2004;929459
65-69 años;TOTAL;Hombres;2003;975471
65-69 años;TOTAL;Hombres;2002;993717
65-69 años;TOTAL;Hombres;2001;989180
65-69 años;TOTAL;Hombres;2000;988657
65-69 años;TOTAL;Hombres;1999;987570
65-69 años;TOTAL;Hombres;1998;962934
65-69 años;TOTAL;Mujeres;2020;1270544
65-69 años;TOTAL;Mujeres;2019;1257000
65-69 años;TOTAL;Mujeres;2018;1256871
65-69 años;TOTAL;Mujeres;2017;1238578
65-69 años;TOTAL;Mujeres;2016;1229796
65-69 años;TOTAL;Mujeres;2015;1238651
65-69 años;TOTAL;Mujeres;2014;1225039
65-69 años;TOTAL;Mujeres;2013;1203893
65-69 años;TOTAL;Mujeres;2012;1165964
65-69 años;TOTAL;Mujeres;2011;1119276
65-69 años;TOTAL;Mujeres;2010;1105186
65-69 años;TOTAL;Mujeres;2009;1027416
65-69 años;TOTAL;Mujeres;2008;972081
65-69 años;TOTAL;Mujeres;2007;969665
65-69 años;TOTAL;Mujeres;2006;1011601
65-69 años;TOTAL;Mujeres;2005;997319
65-69 años;TOTAL;Mujeres;2004;1056316
65-69 años;TOTAL;Mujeres;2003;1108932
65-69 años;TOTAL;Mujeres;2002;1131577
65-69 años;TOTAL;Mujeres;2001;1121213
65-69 años;TOTAL;Mujeres;2000;1125712
65-69 años;TOTAL;Mujeres;1999;1126667
65-69 años;TOTAL;Mujeres;1998;1104723
70-74 años;TOTAL;Hombres;2020;1020478
70-74 años;TOTAL;Hombres;2019;1003426
70-74 años;TOTAL;Hombres;2018;974695
70-74 años;TOTAL;Hombres;2017;941295
70-74 años;TOTAL;Hombres;2016;907808
70-74 años;TOTAL;Hombres;2015;897943
70-74 años;TOTAL;Hombres;2014;834098
70-74 años;TOTAL;Hombres;2013;796691
70-74 años;TOTAL;Hombres;2012;795187
70-74 años;TOTAL;Hombres;2011;817643
70-74 años;TOTAL;Hombres;2010;800240
70-74 años;TOTAL;Hombres;2009;850628
70-74 años;TOTAL;Hombres;2008;887791
70-74 años;TOTAL;Hombres;2007;903141
70-74 años;TOTAL;Hombres;2006;897252
70-74 años;TOTAL;Hombres;2005;894842
70-74 años;TOTAL;Hombres;2004;882495
70-74 años;TOTAL;Hombres;2003;868467
70-74 años;TOTAL;Hombres;2002;842713
70-74 años;TOTAL;Hombres;2001;828416
70-74 años;TOTAL;Hombres;2000;801981
70-74 años;TOTAL;Hombres;1999;790578
70-74 años;TOTAL;Hombres;1998;763766
70-74 años;TOTAL;Mujeres;2020;1191698
70-74 años;TOTAL;Mujeres;2019;1172414
70-74 años;TOTAL;Mujeres;2018;1139787
70-74 años;TOTAL;Mujeres;2017;1100398
70-74 años;TOTAL;Mujeres;2016;1057649
70-74 años;TOTAL;Mujeres;2015;1046942
70-74 años;TOTAL;Mujeres;2014;975898
70-74 años;TOTAL;Mujeres;2013;934860
70-74 años;TOTAL;Mujeres;2012;938564
70-74 años;TOTAL;Mujeres;2011;976497
70-74 años;TOTAL;Mujeres;2010;963726
70-74 años;TOTAL;Mujeres;2009;1024570
70-74 años;TOTAL;Mujeres;2008;1069151
70-74 años;TOTAL;Mujeres;2007;1090612
70-74 años;TOTAL;Mujeres;2006;1081146
70-74 años;TOTAL;Mujeres;2005;1084893
70-74 años;TOTAL;Mujeres;2004;1074948
70-74 años;TOTAL;Mujeres;2003;1063452
70-74 años;TOTAL;Mujeres;2002;1036509
70-74 años;TOTAL;Mujeres;2001;1024966
70-74 años;TOTAL;Mujeres;2000;997735
70-74 años;TOTAL;Mujeres;1999;988257
70-74 años;TOTAL;Mujeres;1998;956538
75-79 años;TOTAL;Hombres;2020;773823
75-79 años;TOTAL;Hombres;2019;714170
75-79 años;TOTAL;Hombres;2018;670633
75-79 años;TOTAL;Hombres;2017;664708
75-79 años;TOTAL;Hombres;2016;683325
75-79 años;TOTAL;Hombres;2015;668968
75-79 años;TOTAL;Hombres;2014;713991
75-79 años;TOTAL;Hombres;2013;751726
75-79 años;TOTAL;Hombres;2012;766734
75-79 años;TOTAL;Hombres;2011;760014
75-79 años;TOTAL;Hombres;2010;754755
75-79 años;TOTAL;Hombres;2009;743934
75-79 años;TOTAL;Hombres;2008;727351
75-79 años;TOTAL;Hombres;2007;702414
75-79 años;TOTAL;Hombres;2006;686124
75-79 años;TOTAL;Hombres;2005;663303
75-79 años;TOTAL;Hombres;2004;644631
75-79 años;TOTAL;Hombres;2003;629464
75-79 años;TOTAL;Hombres;2002;617088
75-79 años;TOTAL;Hombres;2001;599863
75-79 años;TOTAL;Hombres;2000;575496
75-79 años;TOTAL;Hombres;1999;546288
75-79 años;TOTAL;Hombres;1998;507527
75-79 años;TOTAL;Mujeres;2020;974046
75-79 años;TOTAL;Mujeres;2019;903869
75-79 años;TOTAL;Mujeres;2018;854797
75-79 años;TOTAL;Mujeres;2017;855169
75-79 años;TOTAL;Mujeres;2016;889949
75-79 años;TOTAL;Mujeres;2015;879104
75-79 años;TOTAL;Mujeres;2014;938110
75-79 años;TOTAL;Mujeres;2013;988142
75-79 años;TOTAL;Mujeres;2012;1011391
75-79 años;TOTAL;Mujeres;2011;1002575
75-79 años;TOTAL;Mujeres;2010;1003603
75-79 años;TOTAL;Mujeres;2009;994307
75-79 años;TOTAL;Mujeres;2008;975967
75-79 años;TOTAL;Mujeres;2007;949641
75-79 años;TOTAL;Mujeres;2006;937154
75-79 años;TOTAL;Mujeres;2005;911773
75-79 años;TOTAL;Mujeres;2004;893588
75-79 años;TOTAL;Mujeres;2003;873990
75-79 años;TOTAL;Mujeres;2002;864791
75-79 años;TOTAL;Mujeres;2001;840875
75-79 años;TOTAL;Mujeres;2000;817929
75-79 años;TOTAL;Mujeres;1999;784302
75-79 años;TOTAL;Mujeres;1998;746674
80-84 años;TOTAL;Hombres;2020;513692
80-84 años;TOTAL;Hombres;2019;546034
80-84 años;TOTAL;Hombres;2018;568951
80-84 años;TOTAL;Hombres;2017;578372
80-84 años;TOTAL;Hombres;2016;573046
80-84 años;TOTAL;Hombres;2015;569374
80-84 años;TOTAL;Hombres;2014;558735
80-84 años;TOTAL;Hombres;2013;546923
80-84 años;TOTAL;Hombres;2012;527290
80-84 años;TOTAL;Hombres;2011;510779
80-84 años;TOTAL;Hombres;2010;489865
80-84 años;TOTAL;Hombres;2009;472930
80-84 años;TOTAL;Hombres;2008;457022
80-84 años;TOTAL;Hombres;2007;444042
80-84 años;TOTAL;Hombres;2006;428686
80-84 años;TOTAL;Hombres;2005;411735
80-84 años;TOTAL;Hombres;2004;385611
80-84 años;TOTAL;Hombres;2003;362050
80-84 años;TOTAL;Hombres;2002;336254
80-84 años;TOTAL;Hombres;2001;313349
80-84 años;TOTAL;Hombres;2000;295621
80-84 años;TOTAL;Hombres;1999;292200
80-84 años;TOTAL;Hombres;1998;285270
80-84 años;TOTAL;Mujeres;2020;759379
80-84 años;TOTAL;Mujeres;2019;807780
80-84 años;TOTAL;Mujeres;2018;844333
80-84 años;TOTAL;Mujeres;2017;861386
80-84 años;TOTAL;Mujeres;2016;852908
80-84 años;TOTAL;Mujeres;2015;853957
80-84 años;TOTAL;Mujeres;2014;845238
80-84 años;TOTAL;Mujeres;2013;832750
80-84 años;TOTAL;Mujeres;2012;810285
80-84 años;TOTAL;Mujeres;2011;795604
80-84 años;TOTAL;Mujeres;2010;769695
80-84 años;TOTAL;Mujeres;2009;752263
80-84 años;TOTAL;Mujeres;2008;728723
80-84 años;TOTAL;Mujeres;2007;717031
80-84 años;TOTAL;Mujeres;2006;694513
80-84 años;TOTAL;Mujeres;2005;675731
80-84 años;TOTAL;Mujeres;2004;640974
80-84 años;TOTAL;Mujeres;2003;615970
80-84 años;TOTAL;Mujeres;2002;581140
80-84 años;TOTAL;Mujeres;2001;559922
80-84 años;TOTAL;Mujeres;2000;535145
80-84 años;TOTAL;Mujeres;1999;531565
80-84 años;TOTAL;Mujeres;1998;516662
85-89 años;TOTAL;Hombres;2020;361702
85-89 años;TOTAL;Hombres;2019;352246
85-89 años;TOTAL;Hombres;2018;340043
85-89 años;TOTAL;Hombres;2017;324865
85-89 años;TOTAL;Hombres;2016;312145
85-89 años;TOTAL;Hombres;2015;298677
85-89 años;TOTAL;Hombres;2014;285791
85-89 años;TOTAL;Hombres;2013;275780
85-89 años;TOTAL;Hombres;2012;267534
85-89 años;TOTAL;Hombres;2011;255608
85-89 años;TOTAL;Hombres;2010;242545
85-89 años;TOTAL;Hombres;2009;226146
85-89 años;TOTAL;Hombres;2008;209285
85-89 años;TOTAL;Hombres;2007;191726
85-89 años;TOTAL;Hombres;2006;176105
85-89 años;TOTAL;Hombres;2005;166379
85-89 años;TOTAL;Hombres;2004;162168
85-89 años;TOTAL;Hombres;2003;161133
85-89 años;TOTAL;Hombres;2002;160455
85-89 años;TOTAL;Hombres;2001;160900
85-89 años;TOTAL;Hombres;2000;156042
85-89 años;TOTAL;Hombres;1999;152442
85-89 años;TOTAL;Hombres;1998;147084
85-89 años;TOTAL;Mujeres;2020;634714
85-89 años;TOTAL;Mujeres;2019;623001
85-89 años;TOTAL;Mujeres;2018;608334
85-89 años;TOTAL;Mujeres;2017;588052
85-89 años;TOTAL;Mujeres;2016;574244
85-89 años;TOTAL;Mujeres;2015;555595
85-89 años;TOTAL;Mujeres;2014;539566
85-89 años;TOTAL;Mujeres;2013;522285
85-89 años;TOTAL;Mujeres;2012;513553
85-89 años;TOTAL;Mujeres;2011;493657
85-89 años;TOTAL;Mujeres;2010;475390
85-89 años;TOTAL;Mujeres;2009;448722
85-89 años;TOTAL;Mujeres;2008;425231
85-89 años;TOTAL;Mujeres;2007;396710
85-89 años;TOTAL;Mujeres;2006;377905
85-89 años;TOTAL;Mujeres;2005;360470
85-89 años;TOTAL;Mujeres;2004;354921
85-89 años;TOTAL;Mujeres;2003;349610
85-89 años;TOTAL;Mujeres;2002;347163
85-89 años;TOTAL;Mujeres;2001;346274
85-89 años;TOTAL;Mujeres;2000;336296
85-89 años;TOTAL;Mujeres;1999;324292
85-89 años;TOTAL;Mujeres;1998;310481
90-94 años;TOTAL;Hombres;2020;133032
90-94 años;TOTAL;Hombres;2019;125356
90-94 años;TOTAL;Hombres;2018;119011
90-94 años;TOTAL;Hombres;2017;114545
90-94 años;TOTAL;Hombres;2016;108789
90-94 años;TOTAL;Hombres;2015;104062
90-94 años;TOTAL;Hombres;2014;96791
90-94 años;TOTAL;Hombres;2013;89468
90-94 años;TOTAL;Hombres;2012;81911
90-94 años;TOTAL;Hombres;2011;73659
90-94 años;TOTAL;Hombres;2010;67870
90-94 años;TOTAL;Hombres;2009;65398
90-94 años;TOTAL;Hombres;2008;64107
90-94 años;TOTAL;Hombres;2007;63355
90-94 años;TOTAL;Hombres;2006;63520
90-94 años;TOTAL;Hombres;2005;62409
90-94 años;TOTAL;Hombres;2004;60378
90-94 años;TOTAL;Hombres;2003;59259
90-94 años;TOTAL;Hombres;2002;57307
90-94 años;TOTAL;Hombres;2001;56068
90-94 años;TOTAL;Hombres;2000;52184
90-94 años;TOTAL;Hombres;1999;48763
90-94 años;TOTAL;Hombres;1998;45144
90-94 años;TOTAL;Mujeres;2020;302885
90-94 años;TOTAL;Mujeres;2019;290192
90-94 años;TOTAL;Mujeres;2018;278123
90-94 años;TOTAL;Mujeres;2017;271371
90-94 años;TOTAL;Mujeres;2016;259756
90-94 años;TOTAL;Mujeres;2015;251512
90-94 años;TOTAL;Mujeres;2014;236348
90-94 años;TOTAL;Mujeres;2013;222959
90-94 años;TOTAL;Mujeres;2012;207894
90-94 años;TOTAL;Mujeres;2011;194441
90-94 años;TOTAL;Mujeres;2010;181261
90-94 años;TOTAL;Mujeres;2009;176728
90-94 años;TOTAL;Mujeres;2008;171541
90-94 años;TOTAL;Mujeres;2007;168445
90-94 años;TOTAL;Mujeres;2006;166609
90-94 años;TOTAL;Mujeres;2005;163643
90-94 años;TOTAL;Mujeres;2004;156475
90-94 años;TOTAL;Mujeres;2003;151862
90-94 años;TOTAL;Mujeres;2002;145872
90-94 años;TOTAL;Mujeres;2001;142633
90-94 años;TOTAL;Mujeres;2000;131568
90-94 años;TOTAL;Mujeres;1999;122888
90-94 años;TOTAL;Mujeres;1998;115577
95-99 años;TOTAL;Hombres;2020;27305
95-99 años;TOTAL;Hombres;2019;25278
95-99 años;TOTAL;Hombres;2018;23376
95-99 años;TOTAL;Hombres;2017;21297
95-99 años;TOTAL;Hombres;2016;19286
95-99 años;TOTAL;Hombres;2015;17972
95-99 años;TOTAL;Hombres;2014;17013
95-99 años;TOTAL;Hombres;2013;16768
95-99 años;TOTAL;Hombres;2012;16922
95-99 años;TOTAL;Hombres;2011;16316
95-99 años;TOTAL;Hombres;2010;15751
95-99 años;TOTAL;Hombres;2009;14924
95-99 años;TOTAL;Hombres;2008;14431
95-99 años;TOTAL;Hombres;2007;13844
95-99 años;TOTAL;Hombres;2006;14059
95-99 años;TOTAL;Hombres;2005;13235
95-99 años;TOTAL;Hombres;2004;12199
95-99 años;TOTAL;Hombres;2003;11689
95-99 años;TOTAL;Hombres;2002;11177
95-99 años;TOTAL;Hombres;2001;11105
95-99 años;TOTAL;Hombres;2000;11092
95-99 años;TOTAL;Hombres;1999;10366
95-99 años;TOTAL;Hombres;1998;9615
95-99 años;TOTAL;Mujeres;2020;84007
95-99 años;TOTAL;Mujeres;2019;78329
95-99 años;TOTAL;Mujeres;2018;73917
95-99 años;TOTAL;Mujeres;2017;68601
95-99 años;TOTAL;Mujeres;2016;63891
95-99 años;TOTAL;Mujeres;2015;60440
95-99 años;TOTAL;Mujeres;2014;58345
95-99 años;TOTAL;Mujeres;2013;56083
95-99 años;TOTAL;Mujeres;2012;55115
95-99 años;TOTAL;Mujeres;2011;53757
95-99 años;TOTAL;Mujeres;2010;51562
95-99 años;TOTAL;Mujeres;2009;48762
95-99 años;TOTAL;Mujeres;2008;46117
95-99 años;TOTAL;Mujeres;2007;43442
95-99 años;TOTAL;Mujeres;2006;43349
95-99 años;TOTAL;Mujeres;2005;40676
95-99 años;TOTAL;Mujeres;2004;37686
95-99 años;TOTAL;Mujeres;2003;36097
95-99 años;TOTAL;Mujeres;2002;34955
95-99 años;TOTAL;Mujeres;2001;34023
95-99 años;TOTAL;Mujeres;2000;31528
95-99 años;TOTAL;Mujeres;1999;28703
95-99 años;TOTAL;Mujeres;1998;25975
